-- phpMyAdmin SQL Dump
-- version 4.6.6deb5
-- https://www.phpmyadmin.net/
--
-- Host: localhost:3306
-- Generation Time:  9 юли 2020 в 16:28
-- Версия на сървъра: 5.7.30-0ubuntu0.18.04.1
-- PHP Version: 7.2.24-0ubuntu0.18.04.6

SET SQL_MODE = "NO_AUTO_VALUE_ON_ZERO";
SET time_zone = "+00:00";


/*!40101 SET @OLD_CHARACTER_SET_CLIENT=@@CHARACTER_SET_CLIENT */;
/*!40101 SET @OLD_CHARACTER_SET_RESULTS=@@CHARACTER_SET_RESULTS */;
/*!40101 SET @OLD_COLLATION_CONNECTION=@@COLLATION_CONNECTION */;
/*!40101 SET NAMES utf8mb4 */;

--
-- Database: `UEFA_Cup_2016`
--

-- --------------------------------------------------------

--
-- Структура на таблица `assisted_referee_mast`
--

CREATE TABLE `assisted_referee_mast` (
  `ass_ref_id` int(11) NOT NULL,
  `name` varchar(40) DEFAULT NULL,
  `country_id` int(11) DEFAULT NULL
) ENGINE=InnoDB DEFAULT CHARSET=utf8;

--
-- Схема на данните от таблица `assisted_referee_mast`
--

INSERT INTO `assisted_referee_mast` (`ass_ref_id`, `name`, `country_id`) VALUES
(80001, 'Jure Praprotnik', 25),
(80002, 'Robert Vukan', 25),
(80003, 'Roberto Alonso Fernandez', 19),
(80004, 'Simon Beck', 6),
(80005, 'Mark Borsch', 8),
(80006, 'Stephen Child', 6),
(80007, 'Jake Collin', 6),
(80008, 'Elenito Di Liberatore', 11),
(80009, 'Bahattin Duran', 22),
(80010, 'Dalibor Durdevic', 27),
(80011, 'Mathias Klasenius', 20),
(80012, 'Tomasz Listkiewicz', 13),
(80013, 'Stefan Lupp', 8),
(80014, 'Mike Mullarkey', 6),
(80015, 'Tarik Ongun', 22),
(80016, 'Gyorgy Ring', 9),
(80017, 'Milovan Ristic', 27),
(80018, 'Pawel Sokolnicki', 13),
(80019, 'Mauro Tonolini', 11),
(80020, 'Vencel Toth', 9),
(80021, 'Sander van Roekel', 26),
(80022, 'Daniel Warnmark', 20),
(80023, 'Juan Yuste Jimenez', 19),
(80024, 'Erwin Zeinstra', 26),
(80025, 'Frank Andas', 29),
(80026, 'Frederic Cano', 7),
(80027, 'Frank Connor', 28),
(80028, 'Nicolas Danos', 7),
(80029, 'Sebastian Gheorghe', 16),
(80030, 'Nikolay Golubev', 17),
(80031, 'Kim Haglund', 29),
(80032, 'Tikhon Kalugin', 17),
(80033, 'Damien McGraith', 15),
(80034, 'Tomas Mokrusch', 5),
(80035, 'Roman Slysko', 18),
(80036, 'Octavian Sovre', 16),
(80037, 'Anton Averyanov', 17),
(80038, 'Martin Wilczek', 5);

-- --------------------------------------------------------

--
-- Структура на таблица `coach_mast`
--

CREATE TABLE `coach_mast` (
  `coach_id` int(11) NOT NULL,
  `name` varchar(40) DEFAULT NULL
) ENGINE=InnoDB DEFAULT CHARSET=utf8;

--
-- Схема на данните от таблица `coach_mast`
--

INSERT INTO `coach_mast` (`coach_id`, `name`) VALUES
(5550, 'Gianni De Biasi'),
(5551, 'Marcel Koller'),
(5552, 'Marc Wilmots'),
(5553, 'Ante Cacic'),
(5554, 'Pavel Vrba'),
(5555, 'Roy Hodgson'),
(5556, 'Didier Deschamps'),
(5557, 'Joachim Low'),
(5558, 'Bernd Storck'),
(5559, 'Lars Lagerback'),
(5560, 'Heimir Hallgrímsson'),
(5561, 'Antonio Conte'),
(5562, 'Michael ONeill'),
(5563, 'Adam Nawalka'),
(5564, 'Fernando Santos'),
(5565, 'Martin ONeill'),
(5566, 'Anghel Iordanescu'),
(5567, 'Leonid Slutski'),
(5568, 'Jan Kozak'),
(5569, 'Vicente del Bosque'),
(5570, 'Erik Hamren'),
(5571, 'Vladimir Petkovic'),
(5572, 'Fatih Terim'),
(5573, 'Mykhailo Fomenko'),
(5574, 'Chris Coleman');

-- --------------------------------------------------------

--
-- Структура на таблица `goal_details`
--

CREATE TABLE `goal_details` (
  `goal_id` int(11) NOT NULL,
  `match_num` int(11) NOT NULL,
  `player_id` int(11) NOT NULL,
  `team_id` int(11) NOT NULL,
  `goal_time` int(11) DEFAULT NULL,
  `goal_type` char(1) DEFAULT NULL,
  `play_stage` char(1) DEFAULT NULL,
  `goal_schedule` char(2) DEFAULT NULL,
  `goal_half` int(11) DEFAULT NULL
) ENGINE=InnoDB DEFAULT CHARSET=utf8;

--
-- Схема на данните от таблица `goal_details`
--

INSERT INTO `goal_details` (`goal_id`, `match_num`, `player_id`, `team_id`, `goal_time`, `goal_type`, `play_stage`, `goal_schedule`, `goal_half`) VALUES
(1, 1, 160159, 7, 57, 'N', 'G', 'NT', 2),
(2, 1, 160368, 16, 65, 'P', 'G', 'NT', 2),
(3, 1, 160154, 7, 89, 'N', 'G', 'NT', 2),
(4, 2, 160470, 21, 5, 'N', 'G', 'NT', 1),
(5, 3, 160547, 24, 10, 'N', 'G', 'NT', 1),
(6, 3, 160403, 18, 61, 'N', 'G', 'NT', 2),
(7, 3, 160550, 24, 81, 'N', 'G', 'NT', 2),
(8, 4, 160128, 6, 73, 'N', 'G', 'NT', 2),
(9, 4, 160373, 17, 93, 'N', 'G', 'ST', 2),
(10, 5, 160084, 4, 41, 'N', 'G', 'NT', 1),
(11, 6, 160298, 13, 51, 'N', 'G', 'NT', 2),
(12, 7, 160183, 8, 19, 'N', 'G', 'NT', 1),
(13, 7, 160180, 8, 93, 'N', 'G', 'ST', 2),
(14, 8, 160423, 19, 87, 'N', 'G', 'NT', 2),
(15, 9, 160335, 15, 48, 'N', 'G', 'NT', 2),
(16, 9, 160327, 15, 71, 'O', 'G', 'NT', 2),
(17, 10, 160244, 11, 32, 'N', 'G', 'NT', 1),
(18, 10, 160252, 11, 93, 'N', 'G', 'ST', 2),
(19, 11, 160207, 9, 62, 'N', 'G', 'NT', 2),
(20, 11, 160200, 9, 87, 'N', 'G', 'NT', 2),
(21, 12, 160320, 14, 31, 'N', 'G', 'NT', 1),
(22, 12, 160221, 10, 50, 'N', 'G', 'NT', 2),
(23, 13, 160411, 18, 32, 'N', 'G', 'NT', 1),
(24, 13, 160405, 18, 45, 'N', 'G', 'NT', 1),
(25, 13, 160380, 17, 80, 'N', 'G', 'NT', 2),
(26, 14, 160368, 16, 18, 'P', 'G', 'NT', 1),
(27, 14, 160481, 21, 57, 'N', 'G', 'NT', 2),
(28, 15, 160160, 7, 90, 'N', 'G', 'NT', 2),
(29, 15, 160154, 7, 96, 'N', 'G', 'ST', 2),
(30, 16, 160547, 24, 42, 'N', 'G', 'NT', 1),
(31, 16, 160138, 6, 56, 'N', 'G', 'NT', 2),
(32, 16, 160137, 6, 93, 'N', 'G', 'ST', 2),
(33, 17, 160262, 12, 49, 'N', 'G', 'NT', 2),
(34, 17, 160275, 12, 96, 'N', 'G', 'ST', 2),
(35, 19, 160248, 11, 88, 'N', 'G', 'NT', 2),
(36, 20, 160085, 4, 37, 'N', 'G', 'NT', 1),
(37, 20, 160086, 4, 59, 'N', 'G', 'NT', 2),
(38, 20, 160115, 5, 76, 'N', 'G', 'NT', 2),
(39, 20, 160114, 5, 89, 'P', 'G', 'NT', 2),
(40, 21, 160435, 19, 34, 'N', 'G', 'NT', 1),
(41, 21, 160436, 19, 37, 'N', 'G', 'NT', 1),
(42, 21, 160435, 19, 48, 'N', 'G', 'NT', 2),
(43, 22, 160067, 3, 48, 'N', 'G', 'NT', 2),
(44, 22, 160064, 3, 61, 'N', 'G', 'NT', 2),
(45, 22, 160067, 3, 70, 'N', 'G', 'NT', 2),
(46, 23, 160224, 10, 40, 'P', 'G', 'NT', 1),
(47, 23, 160216, 10, 88, 'O', 'G', 'NT', 2),
(48, 25, 160023, 1, 43, 'N', 'G', 'NT', 1),
(49, 27, 160544, 24, 11, 'N', 'G', 'NT', 1),
(50, 27, 160538, 24, 20, 'N', 'G', 'NT', 1),
(51, 27, 160547, 24, 67, 'N', 'G', 'NT', 2),
(52, 29, 160287, 13, 54, 'N', 'G', 'NT', 2),
(53, 30, 160182, 8, 30, 'N', 'G', 'NT', 1),
(54, 31, 160504, 22, 10, 'N', 'G', 'NT', 1),
(55, 31, 160500, 22, 65, 'N', 'G', 'NT', 2),
(56, 32, 160435, 19, 7, 'N', 'G', 'NT', 1),
(57, 32, 160089, 4, 45, 'N', 'G', 'NT', 1),
(58, 32, 160085, 4, 87, 'N', 'G', 'NT', 2),
(59, 33, 160226, 10, 18, 'N', 'G', 'NT', 1),
(60, 33, 160042, 2, 60, 'N', 'G', 'NT', 2),
(61, 33, 160226, 10, 94, 'N', 'G', 'ST', 2),
(62, 34, 160203, 9, 19, 'N', 'G', 'NT', 1),
(63, 34, 160320, 14, 42, 'N', 'G', 'NT', 1),
(64, 34, 160202, 9, 47, 'N', 'G', 'NT', 2),
(65, 34, 160322, 14, 50, 'N', 'G', 'NT', 2),
(66, 34, 160202, 9, 55, 'N', 'G', 'NT', 2),
(67, 34, 160322, 14, 62, 'N', 'G', 'NT', 2),
(68, 35, 160333, 15, 85, 'N', 'G', 'NT', 2),
(69, 36, 160063, 3, 84, 'N', 'G', 'NT', 2),
(70, 37, 160287, 13, 39, 'N', 'R', 'NT', 1),
(71, 37, 160476, 21, 82, 'N', 'R', 'NT', 2),
(72, 38, 160262, 12, 75, 'O', 'R', 'NT', 2),
(73, 39, 160321, 14, 117, 'N', 'R', 'ET', 2),
(74, 40, 160333, 15, 2, 'P', 'R', 'NT', 1),
(75, 40, 160160, 7, 58, 'N', 'R', 'NT', 2),
(76, 40, 160160, 7, 61, 'N', 'R', 'NT', 2),
(77, 41, 160165, 8, 8, 'N', 'R', 'NT', 1),
(78, 41, 160182, 8, 43, 'N', 'R', 'NT', 1),
(79, 41, 160173, 8, 63, 'N', 'R', 'NT', 2),
(80, 42, 160050, 3, 10, 'N', 'R', 'NT', 1),
(81, 42, 160065, 3, 78, 'N', 'R', 'NT', 2),
(82, 42, 160062, 3, 80, 'N', 'R', 'NT', 2),
(83, 42, 160058, 3, 90, 'N', 'R', 'NT', 2),
(84, 43, 160236, 11, 33, 'N', 'R', 'NT', 1),
(85, 43, 160252, 11, 91, 'N', 'R', 'ST', 2),
(86, 44, 160136, 6, 4, 'P', 'R', 'NT', 1),
(87, 44, 160219, 10, 6, 'N', 'R', 'NT', 1),
(88, 44, 160230, 10, 18, 'N', 'R', 'NT', 1),
(89, 45, 160297, 13, 2, 'N', 'Q', 'NT', 1),
(90, 45, 160316, 14, 33, 'N', 'Q', 'NT', 1),
(91, 46, 160063, 3, 13, 'N', 'Q', 'NT', 1),
(92, 46, 160539, 24, 31, 'N', 'Q', 'NT', 1),
(93, 46, 160550, 24, 55, 'N', 'Q', 'NT', 2),
(94, 46, 160551, 24, 86, 'N', 'Q', 'NT', 2),
(95, 47, 160177, 8, 65, 'N', 'Q', 'NT', 2),
(96, 47, 160235, 11, 78, 'P', 'Q', 'NT', 2),
(97, 48, 160159, 7, 12, 'N', 'Q', 'NT', 1),
(98, 48, 160155, 7, 20, 'N', 'Q', 'NT', 1),
(99, 48, 160154, 7, 43, 'N', 'Q', 'NT', 1),
(100, 48, 160160, 7, 45, 'N', 'Q', 'NT', 1),
(101, 48, 160230, 10, 56, 'N', 'Q', 'NT', 2),
(102, 48, 160159, 7, 59, 'N', 'Q', 'NT', 2),
(103, 48, 160221, 10, 84, 'N', 'Q', 'NT', 2),
(104, 49, 160322, 14, 50, 'N', 'S', 'NT', 2),
(105, 49, 160320, 14, 53, 'N', 'S', 'NT', 2),
(106, 50, 160160, 7, 47, 'P', 'S', 'ST', 1),
(107, 50, 160160, 7, 72, 'N', 'S', 'NT', 2),
(108, 51, 160319, 14, 109, 'N', 'F', 'ET', 2);

-- --------------------------------------------------------

--
-- Структура на таблица `match_captain`
--

CREATE TABLE `match_captain` (
  `match_num` int(11) DEFAULT NULL,
  `team_id` int(11) NOT NULL,
  `player_captain` int(11) NOT NULL
) ENGINE=InnoDB DEFAULT CHARSET=utf8;

--
-- Схема на данните от таблица `match_captain`
--

INSERT INTO `match_captain` (`match_num`, `team_id`, `player_captain`) VALUES
(1, 7, 160140),
(1, 16, 160349),
(2, 1, 160013),
(2, 21, 160467),
(3, 24, 160539),
(3, 18, 160401),
(4, 6, 160136),
(4, 17, 160373),
(5, 22, 160494),
(5, 4, 160076),
(6, 13, 160297),
(6, 12, 160267),
(7, 8, 160163),
(7, 23, 160515),
(8, 19, 160424),
(8, 5, 160110),
(9, 15, 160331),
(9, 20, 160459),
(10, 3, 160062),
(10, 11, 160231),
(11, 2, 160028),
(11, 9, 160202),
(12, 14, 160322),
(12, 10, 160222),
(13, 17, 160373),
(13, 18, 160401),
(14, 16, 160349),
(14, 21, 160467),
(15, 7, 160140),
(15, 1, 160004),
(16, 6, 160136),
(16, 24, 160539),
(17, 23, 160515),
(17, 12, 160267),
(18, 8, 160163),
(18, 13, 160297),
(19, 11, 160231),
(19, 20, 160459),
(20, 5, 160110),
(20, 4, 160076),
(21, 19, 160424),
(21, 22, 160494),
(22, 3, 160062),
(22, 15, 160331),
(23, 10, 160222),
(23, 9, 160202),
(24, 14, 160322),
(24, 2, 160028),
(25, 16, 160349),
(25, 1, 160004),
(26, 21, 160467),
(26, 7, 160140),
(27, 17, 160386),
(27, 24, 160539),
(28, 18, 160401),
(28, 6, 160120),
(29, 23, 160520),
(29, 13, 160297),
(30, 12, 160267),
(30, 8, 160163),
(31, 5, 160093),
(31, 22, 160494),
(32, 4, 160076),
(32, 19, 160424),
(33, 10, 160222),
(33, 2, 160028),
(34, 9, 160202),
(34, 14, 160322),
(35, 11, 160235),
(35, 15, 160328),
(36, 20, 160459),
(36, 3, 160062),
(37, 21, 160467),
(37, 13, 160297),
(38, 24, 160539),
(38, 12, 160267),
(39, 4, 160076),
(39, 14, 160322),
(40, 7, 160140),
(40, 15, 160328),
(41, 8, 160163),
(41, 18, 160401),
(42, 9, 160202),
(42, 3, 160062),
(43, 11, 160231),
(43, 19, 160424),
(44, 6, 160136),
(44, 10, 160222),
(45, 13, 160297),
(45, 14, 160322),
(46, 24, 160539),
(46, 3, 160062),
(47, 8, 160163),
(47, 11, 160231),
(48, 7, 160140),
(48, 10, 160222),
(49, 14, 160322),
(49, 24, 160539),
(50, 7, 160140),
(50, 8, 160180),
(51, 14, 160322),
(51, 7, 160140);

-- --------------------------------------------------------

--
-- Структура на таблица `match_details`
--

CREATE TABLE `match_details` (
  `match_num` int(11) NOT NULL,
  `play_stage` char(1) DEFAULT NULL,
  `team_id` int(11) NOT NULL,
  `win_lost` char(1) DEFAULT NULL,
  `decided_by` char(1) DEFAULT NULL,
  `goal_score` int(11) DEFAULT NULL,
  `penalty_score` int(11) DEFAULT NULL,
  `ass_ref` int(11) DEFAULT NULL,
  `player_gk` int(11) DEFAULT NULL
) ENGINE=InnoDB DEFAULT CHARSET=utf8;

--
-- Схема на данните от таблица `match_details`
--

INSERT INTO `match_details` (`match_num`, `play_stage`, `team_id`, `win_lost`, `decided_by`, `goal_score`, `penalty_score`, `ass_ref`, `player_gk`) VALUES
(1, 'G', 7, 'W', 'N', 2, NULL, 80016, 160140),
(1, 'G', 16, 'L', 'N', 1, NULL, 80020, 160348),
(2, 'G', 1, 'L', 'N', 0, NULL, 80003, 160001),
(2, 'G', 21, 'W', 'N', 1, NULL, 80023, 160463),
(3, 'G', 24, 'W', 'N', 2, NULL, 80031, 160532),
(3, 'G', 18, 'L', 'N', 1, NULL, 80025, 160392),
(4, 'G', 6, 'D', 'N', 1, NULL, 80008, 160117),
(4, 'G', 17, 'D', 'N', 1, NULL, 80019, 160369),
(5, 'G', 22, 'L', 'N', 0, NULL, 80011, 160486),
(5, 'G', 4, 'W', 'N', 1, NULL, 80022, 160071),
(6, 'G', 13, 'W', 'N', 1, NULL, 80036, 160279),
(6, 'G', 12, 'L', 'N', 0, NULL, 80029, 160256),
(7, 'G', 8, 'W', 'N', 2, NULL, 80014, 160163),
(7, 'G', 23, 'L', 'N', 0, NULL, 80006, 160508),
(8, 'G', 19, 'W', 'N', 1, NULL, 80018, 160416),
(8, 'G', 5, 'L', 'N', 0, NULL, 80012, 160093),
(9, 'G', 15, 'D', 'N', 1, NULL, 80017, 160324),
(9, 'G', 20, 'D', 'N', 1, NULL, 80010, 160439),
(10, 'G', 3, 'L', 'N', 0, NULL, 80004, 160047),
(10, 'G', 11, 'W', 'N', 2, NULL, 80007, 160231),
(11, 'G', 2, 'L', 'N', 0, NULL, 80026, 160024),
(11, 'G', 9, 'W', 'N', 2, NULL, 80028, 160187),
(12, 'G', 14, 'D', 'N', 1, NULL, 80009, 160302),
(12, 'G', 10, 'D', 'N', 1, NULL, 80015, 160208),
(13, 'G', 17, 'L', 'N', 1, NULL, 80001, 160369),
(13, 'G', 18, 'W', 'N', 2, NULL, 80002, 160392),
(14, 'G', 16, 'D', 'N', 1, NULL, 80030, 160348),
(14, 'G', 21, 'D', 'N', 1, NULL, 80032, 160463),
(15, 'G', 7, 'W', 'N', 2, NULL, 80033, 160140),
(15, 'G', 1, 'L', 'N', 0, NULL, 80027, 160001),
(16, 'G', 6, 'W', 'N', 2, NULL, 80005, 160117),
(16, 'G', 24, 'L', 'N', 1, NULL, 80013, 160531),
(17, 'G', 23, 'L', 'N', 0, NULL, 80035, 160508),
(17, 'G', 12, 'W', 'N', 2, NULL, 80034, 160256),
(18, 'G', 8, 'D', 'N', 0, NULL, 80021, 160163),
(18, 'G', 13, 'D', 'N', 0, NULL, 80024, 160278),
(19, 'G', 11, 'W', 'N', 1, NULL, 80016, 160231),
(19, 'G', 20, 'L', 'N', 0, NULL, 80020, 160439),
(20, 'G', 5, 'D', 'N', 2, NULL, 80004, 160093),
(20, 'G', 4, 'D', 'N', 2, NULL, 80007, 160071),
(21, 'G', 19, 'W', 'N', 3, NULL, 80017, 160416),
(21, 'G', 22, 'L', 'N', 0, NULL, 80010, 160486),
(22, 'G', 3, 'W', 'N', 3, NULL, 80009, 160047),
(22, 'G', 15, 'L', 'N', 0, NULL, 80015, 160324),
(23, 'G', 10, 'D', 'N', 1, NULL, 80030, 160208),
(23, 'G', 9, 'D', 'N', 1, NULL, 80032, 160187),
(24, 'G', 14, 'D', 'N', 0, NULL, 80008, 160302),
(24, 'G', 2, 'D', 'N', 0, NULL, 80019, 160024),
(25, 'G', 16, 'L', 'N', 0, NULL, 80035, 160348),
(25, 'G', 1, 'W', 'N', 1, NULL, 80034, 160001),
(26, 'G', 21, 'D', 'N', 0, NULL, 80001, 160463),
(26, 'G', 7, 'D', 'N', 0, NULL, 80002, 160140),
(27, 'G', 17, 'L', 'N', 0, NULL, 80011, 160369),
(27, 'G', 24, 'W', 'N', 3, NULL, 80022, 160531),
(28, 'G', 18, 'D', 'N', 0, NULL, 80003, 160392),
(28, 'G', 6, 'D', 'N', 0, NULL, 80023, 160117),
(29, 'G', 23, 'L', 'N', 0, NULL, 80031, 160508),
(29, 'G', 13, 'W', 'N', 1, NULL, 80025, 160278),
(30, 'G', 12, 'L', 'N', 0, NULL, 80026, 160256),
(30, 'G', 8, 'W', 'N', 1, NULL, 80028, 160163),
(31, 'G', 5, 'L', 'N', 0, NULL, 80033, 160093),
(31, 'G', 22, 'W', 'N', 2, NULL, 80027, 160486),
(32, 'G', 4, 'W', 'N', 2, NULL, 80021, 160071),
(32, 'G', 19, 'L', 'N', 1, NULL, 80024, 160416),
(33, 'G', 10, 'W', 'N', 2, NULL, 80018, 160208),
(33, 'G', 2, 'L', 'N', 1, NULL, 80012, 160024),
(34, 'G', 9, 'D', 'N', 3, NULL, 80014, 160187),
(34, 'G', 14, 'D', 'N', 3, NULL, 80006, 160302),
(35, 'G', 11, 'L', 'N', 0, NULL, 80036, 160233),
(35, 'G', 15, 'W', 'N', 1, NULL, 80029, 160324),
(36, 'G', 20, 'L', 'N', 0, NULL, 80005, 160439),
(36, 'G', 3, 'W', 'N', 1, NULL, 80013, 160047),
(37, 'R', 21, 'L', 'P', 1, 4, 80004, 160463),
(37, 'R', 13, 'W', 'P', 1, 5, 80007, 160278),
(38, 'R', 24, 'W', 'N', 1, NULL, 80014, 160531),
(38, 'R', 12, 'L', 'N', 0, NULL, 80006, 160256),
(39, 'R', 4, 'L', 'N', 0, NULL, 80003, 160071),
(39, 'R', 14, 'W', 'N', 1, NULL, 80023, 160302),
(40, 'R', 7, 'W', 'N', 2, NULL, 80008, 160140),
(40, 'R', 15, 'L', 'N', 1, NULL, 80019, 160324),
(41, 'R', 8, 'W', 'N', 3, NULL, 80018, 160163),
(41, 'R', 18, 'L', 'N', 0, NULL, 80012, 160392),
(42, 'R', 9, 'L', 'N', 0, NULL, 80017, 160187),
(42, 'R', 3, 'W', 'N', 4, NULL, 80010, 160047),
(43, 'R', 11, 'W', 'N', 2, NULL, 80009, 160231),
(43, 'R', 19, 'L', 'N', 0, NULL, 80015, 160416),
(44, 'R', 6, 'L', 'N', 1, NULL, 80001, 160117),
(44, 'R', 10, 'W', 'N', 2, NULL, 80002, 160208),
(45, 'Q', 13, 'L', 'P', 1, 3, 80005, 160278),
(45, 'Q', 14, 'W', 'P', 1, 5, 80013, 160302),
(46, 'Q', 24, 'W', 'N', 3, NULL, 80001, 160531),
(46, 'Q', 3, 'L', 'N', 1, NULL, 80002, 160047),
(47, 'Q', 8, 'W', 'P', 1, 6, 80016, 160163),
(47, 'Q', 11, 'L', 'P', 1, 5, 80020, 160231),
(48, 'Q', 7, 'W', 'N', 5, NULL, 80021, 160140),
(48, 'Q', 10, 'L', 'N', 2, NULL, 80024, 160208),
(49, 'S', 14, 'W', 'N', 2, NULL, 80011, 160302),
(49, 'S', 24, 'L', 'N', 0, NULL, 80022, 160531),
(50, 'S', 7, 'W', 'N', 2, NULL, 80008, 160140),
(50, 'S', 8, 'L', 'N', 1, NULL, 80019, 160163),
(51, 'F', 14, 'W', 'N', 1, NULL, 80004, 160302),
(51, 'F', 7, 'L', 'N', 0, NULL, 80007, 160140);

-- --------------------------------------------------------

--
-- Структура на таблица `match_mast`
--

CREATE TABLE `match_mast` (
  `match_num` int(11) NOT NULL,
  `play_stage` char(1) DEFAULT NULL,
  `play_date` date DEFAULT NULL,
  `results` char(5) DEFAULT NULL,
  `decided_by` char(1) DEFAULT NULL,
  `goal_score` char(5) DEFAULT NULL,
  `venue_id` int(11) DEFAULT NULL,
  `referee_id` int(11) DEFAULT NULL,
  `audence` int(11) DEFAULT NULL,
  `player_of_match` int(11) DEFAULT NULL,
  `stop1_sec` int(11) DEFAULT NULL,
  `stop2_sec` int(11) DEFAULT NULL
) ENGINE=InnoDB DEFAULT CHARSET=utf8;

--
-- Схема на данните от таблица `match_mast`
--

INSERT INTO `match_mast` (`match_num`, `play_stage`, `play_date`, `results`, `decided_by`, `goal_score`, `venue_id`, `referee_id`, `audence`, `player_of_match`, `stop1_sec`, `stop2_sec`) VALUES
(1, 'G', '2016-06-11', 'WIN', 'N', '2-1', 8, 70007, 75113, 160154, 131, 242),
(2, 'G', '2016-06-11', 'WIN', 'N', '0-1', 2, 70012, 33805, 160476, 61, 182),
(3, 'G', '2016-06-11', 'WIN', 'N', '2-1', 1, 70017, 37831, 160540, 64, 268),
(4, 'G', '2016-06-12', 'DRAW', 'N', '1-1', 5, 70011, 62343, 160128, 0, 185),
(5, 'G', '2016-06-12', 'WIN', 'N', '0-1', 7, 70006, 43842, 160084, 125, 325),
(6, 'G', '2016-06-12', 'WIN', 'N', '1-0', 6, 70014, 33742, 160291, 2, 246),
(7, 'G', '2016-06-13', 'WIN', 'N', '2-0', 3, 70002, 43035, 160176, 89, 188),
(8, 'G', '2016-06-13', 'WIN', 'N', '1-0', 10, 70009, 29400, 160429, 360, 182),
(9, 'G', '2016-06-13', 'DRAW', 'N', '1-1', 8, 70010, 73419, 160335, 67, 194),
(10, 'G', '2016-06-14', 'WIN', 'N', '0-2', 4, 70005, 55408, 160244, 63, 189),
(11, 'G', '2016-06-14', 'WIN', 'N', '0-2', 1, 70018, 34424, 160197, 61, 305),
(12, 'G', '2016-06-15', 'DRAW', 'N', '1-1', 9, 70004, 38742, 160320, 15, 284),
(13, 'G', '2016-06-15', 'WIN', 'N', '1-2', 3, 70001, 38989, 160405, 62, 189),
(14, 'G', '2016-06-15', 'DRAW', 'N', '1-1', 7, 70015, 43576, 160477, 74, 206),
(15, 'G', '2016-06-16', 'WIN', 'N', '2-0', 5, 70013, 63670, 160154, 71, 374),
(16, 'G', '2016-06-16', 'WIN', 'N', '2-1', 2, 70003, 34033, 160540, 62, 212),
(17, 'G', '2016-06-16', 'WIN', 'N', '0-2', 4, 70016, 51043, 160262, 7, 411),
(18, 'G', '2016-06-17', 'DRAW', 'N', '0-0', 8, 70008, 73648, 160165, 6, 208),
(19, 'G', '2016-06-17', 'WIN', 'N', '1-0', 10, 70007, 29600, 160248, 2, 264),
(20, 'G', '2016-06-17', 'DRAW', 'N', '2-2', 9, 70005, 38376, 160086, 71, 280),
(21, 'G', '2016-06-18', 'WIN', 'N', '3-0', 6, 70010, 33409, 160429, 84, 120),
(22, 'G', '2016-06-18', 'WIN', 'N', '3-0', 1, 70004, 39493, 160064, 11, 180),
(23, 'G', '2016-06-18', 'DRAW', 'N', '1-1', 5, 70015, 60842, 160230, 61, 280),
(24, 'G', '2016-06-19', 'DRAW', 'N', '0-0', 7, 70011, 44291, 160314, 3, 200),
(25, 'G', '2016-06-20', 'WIN', 'N', '0-1', 4, 70016, 49752, 160005, 125, 328),
(26, 'G', '2016-06-20', 'DRAW', 'N', '0-0', 3, 70001, 45616, 160463, 60, 122),
(27, 'G', '2016-06-21', 'WIN', 'N', '0-3', 10, 70006, 28840, 160544, 62, 119),
(28, 'G', '2016-06-21', 'DRAW', 'N', '0-0', 9, 70012, 39051, 160392, 62, 301),
(29, 'G', '2016-06-21', 'WIN', 'N', '0-1', 5, 70017, 58874, 160520, 29, 244),
(30, 'G', '2016-06-21', 'WIN', 'N', '0-1', 7, 70018, 44125, 160177, 21, 195),
(31, 'G', '2016-06-22', 'WIN', 'N', '0-2', 2, 70013, 32836, 160504, 60, 300),
(32, 'G', '2016-06-22', 'WIN', 'N', '2-1', 1, 70008, 37245, 160085, 70, 282),
(33, 'G', '2016-06-22', 'WIN', 'N', '2-1', 8, 70009, 68714, 160220, 7, 244),
(34, 'G', '2016-06-22', 'DRAW', 'N', '3-3', 4, 70002, 55514, 160322, 70, 185),
(35, 'G', '2016-06-23', 'WIN', 'N', '0-1', 3, 70014, 44268, 160333, 79, 221),
(36, 'G', '2016-06-23', 'WIN', 'N', '0-1', 6, 70003, 34011, 160062, 63, 195),
(37, 'R', '2016-06-25', 'WIN', 'P', '1-1', 9, 70005, 38842, 160476, 126, 243),
(38, 'R', '2016-06-25', 'WIN', 'N', '1-0', 7, 70002, 44342, 160547, 5, 245),
(39, 'R', '2016-06-26', 'WIN', 'N', '0-1', 2, 70012, 33523, 160316, 61, 198),
(40, 'R', '2016-06-26', 'WIN', 'N', '2-1', 4, 70011, 56279, 160160, 238, 203),
(41, 'R', '2016-06-26', 'WIN', 'N', '3-0', 3, 70009, 44312, 160173, 62, 124),
(42, 'R', '2016-06-27', 'WIN', 'N', '0-4', 10, 70010, 28921, 160062, 3, 133),
(43, 'R', '2016-06-27', 'WIN', 'N', '2-0', 8, 70004, 76165, 160235, 63, 243),
(44, 'R', '2016-06-28', 'WIN', 'N', '1-2', 6, 70001, 33901, 160217, 5, 199),
(45, 'Q', '2016-07-01', 'WIN', 'P', '1-1', 5, 70003, 62940, 160316, 58, 181),
(46, 'Q', '2016-07-02', 'WIN', 'N', '3-1', 3, 70001, 45936, 160550, 14, 182),
(47, 'Q', '2016-07-03', 'WIN', 'P', '1-1', 1, 70007, 38764, 160163, 63, 181),
(48, 'Q', '2016-07-04', 'WIN', 'N', '5-2', 8, 70008, 76833, 160159, 16, 125),
(49, 'S', '2016-07-07', 'WIN', 'N', '2-0', 4, 70006, 55679, 160322, 2, 181),
(50, 'S', '2016-07-08', 'WIN', 'N', '2-0', 5, 70011, 64078, 160160, 126, 275),
(51, 'F', '2016-07-11', 'WIN', 'N', '1-0', 8, 70005, 75868, 160307, 161, 181);

-- --------------------------------------------------------

--
-- Структура на таблица `penalty_gk`
--

CREATE TABLE `penalty_gk` (
  `match_num` int(11) DEFAULT NULL,
  `team_id` int(11) NOT NULL,
  `player_gk` int(11) NOT NULL
) ENGINE=InnoDB DEFAULT CHARSET=utf8;

--
-- Схема на данните от таблица `penalty_gk`
--

INSERT INTO `penalty_gk` (`match_num`, `team_id`, `player_gk`) VALUES
(37, 21, 160463),
(37, 13, 160278),
(45, 13, 160278),
(45, 14, 160302),
(47, 8, 160163),
(47, 11, 160231);

-- --------------------------------------------------------

--
-- Структура на таблица `penalty_shootout`
--

CREATE TABLE `penalty_shootout` (
  `kick_id` int(11) NOT NULL,
  `match_num` int(11) NOT NULL,
  `team_id` int(11) NOT NULL,
  `player_id` int(11) NOT NULL,
  `score_goal` varchar(1) DEFAULT NULL,
  `kick_num` int(11) DEFAULT NULL
) ENGINE=InnoDB DEFAULT CHARSET=utf8;

--
-- Схема на данните от таблица `penalty_shootout`
--

INSERT INTO `penalty_shootout` (`kick_id`, `match_num`, `team_id`, `player_id`, `score_goal`, `kick_num`) VALUES
(1, 37, 21, 160467, 'Y', 1),
(2, 37, 13, 160297, 'Y', 2),
(3, 37, 21, 160477, 'N', 3),
(4, 37, 13, 160298, 'Y', 4),
(5, 37, 21, 160476, 'Y', 5),
(6, 37, 13, 160281, 'Y', 6),
(7, 37, 21, 160470, 'Y', 7),
(8, 37, 13, 160287, 'Y', 8),
(9, 37, 21, 160469, 'Y', 9),
(10, 37, 13, 160291, 'Y', 10),
(11, 45, 14, 160322, 'Y', 1),
(12, 45, 13, 160297, 'Y', 2),
(13, 45, 14, 160316, 'Y', 3),
(14, 45, 13, 160298, 'Y', 4),
(15, 45, 14, 160314, 'Y', 5),
(16, 45, 13, 160281, 'Y', 6),
(17, 45, 14, 160320, 'Y', 7),
(18, 45, 13, 160287, 'N', 8),
(19, 45, 14, 160321, 'Y', 9),
(20, 47, 11, 160251, 'Y', 1),
(21, 47, 8, 160176, 'Y', 2),
(22, 47, 11, 160253, 'N', 3),
(23, 47, 8, 160183, 'N', 4),
(24, 47, 11, 160234, 'Y', 5),
(25, 47, 8, 160177, 'N', 6),
(26, 47, 11, 160252, 'N', 7),
(27, 47, 8, 160173, 'Y', 8),
(28, 47, 11, 160235, 'N', 9),
(29, 47, 8, 160180, 'N', 10),
(30, 47, 11, 160244, 'Y', 11),
(31, 47, 8, 160168, 'Y', 12),
(32, 47, 11, 160246, 'Y', 13),
(33, 47, 8, 160169, 'Y', 14),
(34, 47, 11, 160238, 'Y', 15),
(35, 47, 8, 160165, 'Y', 16),
(36, 47, 11, 160237, 'N', 17),
(37, 47, 8, 160166, 'Y', 18);

-- --------------------------------------------------------

--
-- Структура на таблица `player_booked`
--

CREATE TABLE `player_booked` (
  `match_num` int(11) NOT NULL,
  `team_id` int(11) NOT NULL,
  `player_id` int(11) NOT NULL,
  `booking_time` int(11) DEFAULT NULL,
  `sent_off` char(1) DEFAULT NULL,
  `play_schedule` char(2) DEFAULT NULL,
  `play_half` int(11) DEFAULT NULL
) ENGINE=InnoDB DEFAULT CHARSET=utf8;

--
-- Схема на данните от таблица `player_booked`
--

INSERT INTO `player_booked` (`match_num`, `team_id`, `player_id`, `booking_time`, `sent_off`, `play_schedule`, `play_half`) VALUES
(1, 16, 160349, 32, '', 'NT', 1),
(1, 16, 160355, 45, '', 'NT', 1),
(1, 7, 160159, 69, 'Y', 'NT', 2),
(1, 16, 160360, 78, '', 'NT', 2),
(2, 21, 160470, 14, '', 'NT', 1),
(2, 1, 160013, 23, '', 'NT', 1),
(2, 1, 160013, 36, '', 'NT', 1),
(2, 1, 160014, 63, '', 'NT', 2),
(2, 21, 160472, 66, '', 'NT', 2),
(2, 1, 160015, 89, '', 'NT', 2),
(2, 1, 160009, 93, '', 'NT', 2),
(3, 18, 160401, 2, '', 'ST', 2),
(3, 18, 160406, 31, '', 'NT', 1),
(3, 18, 160408, 78, '', 'NT', 2),
(3, 18, 160411, 80, '', 'NT', 2),
(3, 18, 160407, 83, '', 'NT', 2),
(4, 6, 160120, 62, '', 'NT', 2),
(4, 17, 160377, 72, '', 'NT', 2),
(5, 22, 160505, 31, '', 'NT', 1),
(5, 22, 160490, 48, '', 'NT', 2),
(5, 4, 160077, 80, '', 'NT', 2),
(5, 22, 160502, 91, '', 'NT', 2),
(6, 13, 160290, 65, '', 'NT', 2),
(6, 12, 160258, 69, '', 'NT', 2),
(6, 13, 160284, 89, '', 'NT', 2),
(7, 23, 160518, 68, '', 'NT', 2),
(8, 5, 160100, 61, '', 'NT', 2),
(9, 15, 160336, 43, '', 'NT', 1),
(9, 20, 160445, 61, '', 'NT', 2),
(9, 15, 160341, 77, '', 'NT', 2),
(10, 11, 160236, 65, '', 'NT', 2),
(10, 11, 160248, 75, '', 'NT', 2),
(10, 11, 160235, 78, '', 'NT', 2),
(10, 11, 160245, 84, '', 'NT', 2),
(10, 3, 160057, 93, '', 'NT', 2),
(11, 2, 160027, 33, '', 'NT', 1),
(11, 2, 160027, 66, 'Y', 'NT', 2),
(11, 9, 160204, 80, '', 'NT', 2),
(12, 10, 160227, 2, '', 'ST', 2),
(12, 10, 160221, 55, '', 'NT', 2),
(13, 18, 160395, 46, '', 'NT', 2),
(14, 21, 160480, 2, '', 'ST', 2),
(14, 16, 160361, 22, '', 'NT', 1),
(14, 16, 160357, 24, '', 'NT', 1),
(14, 16, 160367, 37, '', 'NT', 1),
(14, 21, 160477, 50, '', 'NT', 2),
(14, 16, 160352, 76, '', 'NT', 2),
(15, 1, 160015, 55, '', 'NT', 2),
(15, 1, 160011, 81, '', 'NT', 2),
(15, 7, 160152, 88, '', 'NT', 2),
(16, 24, 160535, 61, '', 'NT', 2),
(17, 23, 160528, 40, '', 'NT', 1),
(17, 12, 160272, 63, '', 'NT', 2),
(17, 23, 160523, 67, '', 'NT', 2),
(17, 12, 160266, 87, '', 'NT', 2),
(17, 12, 160259, 90, '', 'NT', 2),
(18, 8, 160175, 3, '', 'NT', 1),
(18, 13, 160294, 3, '', 'ST', 2),
(18, 8, 160177, 34, '', 'NT', 1),
(18, 13, 160293, 45, '', 'NT', 1),
(18, 13, 160288, 55, '', 'NT', 2),
(18, 8, 160165, 67, '', 'NT', 2),
(19, 11, 160242, 69, '', 'NT', 2),
(19, 20, 160447, 89, '', 'NT', 2),
(19, 11, 160231, 94, '', 'NT', 2),
(20, 4, 160080, 14, '', 'NT', 1),
(20, 5, 160101, 72, '', 'NT', 2),
(20, 4, 160081, 74, '', 'NT', 2),
(20, 4, 160078, 88, '', 'NT', 2),
(21, 19, 160424, 2, '', 'NT', 1),
(21, 22, 160504, 9, '', 'NT', 1),
(21, 22, 160500, 41, '', 'NT', 1),
(22, 15, 160334, 42, '', 'NT', 1),
(22, 3, 160056, 49, '', 'NT', 2),
(23, 9, 160199, 2, '', 'ST', 2),
(23, 10, 160229, 42, '', 'NT', 1),
(23, 10, 160227, 75, '', 'NT', 2),
(23, 10, 160216, 77, '', 'NT', 2),
(23, 9, 160192, 81, '', 'NT', 2),
(23, 9, 160197, 83, '', 'NT', 2),
(24, 2, 160028, 6, '', 'NT', 1),
(24, 14, 160321, 31, '', 'NT', 1),
(24, 14, 160307, 40, '', 'NT', 1),
(24, 2, 160037, 47, '', 'NT', 2),
(24, 2, 160029, 78, '', 'NT', 2),
(24, 2, 160042, 86, '', 'NT', 2),
(25, 1, 160012, 6, '', 'NT', 1),
(25, 16, 160353, 54, '', 'NT', 2),
(25, 1, 160017, 85, '', 'NT', 2),
(25, 16, 160356, 85, '', 'NT', 2),
(25, 16, 160364, 91, '', 'NT', 2),
(25, 1, 160007, 95, '', 'NT', 2),
(26, 7, 160147, 25, '', 'NT', 1),
(26, 7, 160145, 83, '', 'NT', 2),
(27, 24, 160551, 16, '', 'NT', 1),
(27, 17, 160383, 64, '', 'NT', 2),
(28, 18, 160409, 24, '', 'NT', 1),
(28, 6, 160119, 52, '', 'NT', 2),
(29, 23, 160520, 25, '', 'NT', 1),
(29, 23, 160513, 38, '', 'NT', 1),
(29, 13, 160290, 60, '', 'NT', 2),
(31, 22, 160491, 35, '', 'NT', 1),
(31, 5, 160108, 36, '', 'NT', 1),
(31, 5, 160107, 39, 'Y', 'NT', 1),
(31, 22, 160490, 50, '', 'NT', 2),
(31, 5, 160112, 87, '', 'NT', 2),
(32, 4, 160087, 29, '', 'NT', 1),
(32, 4, 160079, 70, '', 'NT', 2),
(32, 4, 160076, 70, '', 'NT', 2),
(32, 4, 160085, 88, '', 'NT', 2),
(33, 10, 160218, 36, '', 'NT', 1),
(33, 10, 160230, 51, '', 'NT', 2),
(33, 2, 160045, 70, '', 'NT', 2),
(33, 10, 160220, 78, '', 'NT', 2),
(33, 10, 160208, 82, '', 'NT', 2),
(34, 9, 160190, 13, '', 'NT', 1),
(34, 9, 160191, 28, '', 'NT', 1),
(34, 9, 160203, 34, '', 'NT', 1),
(34, 9, 160202, 56, '', 'NT', 2),
(35, 11, 160233, 39, '', 'NT', 1),
(35, 15, 160343, 39, '', 'NT', 1),
(35, 15, 160332, 73, '', 'NT', 2),
(35, 11, 160234, 78, '', 'NT', 2),
(35, 11, 160253, 87, '', 'NT', 2),
(35, 11, 160251, 93, '', 'NT', 2),
(36, 3, 160064, 1, '', 'ST', 1),
(36, 3, 160055, 30, '', 'NT', 1),
(36, 20, 160451, 72, '', 'NT', 2),
(37, 21, 160470, 55, '', 'NT', 2),
(37, 13, 160282, 58, '', 'NT', 2),
(38, 12, 160266, 44, '', 'NT', 1),
(38, 24, 160538, 58, '', 'NT', 2),
(38, 12, 160267, 67, '', 'NT', 2),
(38, 24, 160544, 92, '', 'NT', 2),
(39, 14, 160318, 78, '', 'NT', 2),
(40, 15, 160328, 25, '', 'NT', 1),
(40, 7, 160152, 27, '', 'NT', 1),
(40, 15, 160334, 41, '', 'NT', 1),
(40, 7, 160147, 44, '', 'NT', 1),
(40, 15, 160329, 66, 'Y', 'NT', 2),
(40, 15, 160343, 72, '', 'NT', 2),
(41, 18, 160407, 2, '', 'ST', 2),
(41, 18, 160401, 13, '', 'NT', 1),
(41, 8, 160169, 46, '', 'NT', 2),
(41, 8, 160168, 67, '', 'NT', 2),
(42, 9, 160192, 34, '', 'NT', 1),
(42, 9, 160194, 47, '', 'NT', 2),
(42, 9, 160196, 61, '', 'NT', 2),
(42, 3, 160056, 67, '', 'NT', 2),
(42, 3, 160065, 89, '', 'NT', 2),
(42, 3, 160061, 91, '', 'NT', 2),
(42, 9, 160207, 92, '', 'NT', 2),
(43, 19, 160431, 2, '', 'ST', 2),
(43, 11, 160238, 24, '', 'NT', 1),
(43, 19, 160436, 41, '', 'NT', 1),
(43, 11, 160252, 54, '', 'NT', 2),
(43, 11, 160245, 89, '', 'NT', 2),
(43, 19, 160427, 89, '', 'NT', 2),
(43, 19, 160421, 89, '', 'NT', 2),
(44, 10, 160208, 38, '', 'NT', 1),
(44, 6, 160137, 47, '', 'NT', 2),
(44, 10, 160222, 65, '', 'NT', 2),
(45, 14, 160318, 2, '', 'ST', 2),
(45, 13, 160282, 42, '', 'NT', 1),
(45, 13, 160281, 66, '', 'NT', 2),
(45, 14, 160310, 70, '', 'NT', 2),
(45, 13, 160290, 89, '', 'NT', 2),
(46, 24, 160535, 5, '', 'NT', 1),
(46, 24, 160533, 16, '', 'NT', 1),
(46, 24, 160536, 24, '', 'NT', 1),
(46, 3, 160061, 59, '', 'NT', 2),
(46, 24, 160544, 75, '', 'NT', 2),
(46, 3, 160050, 85, '', 'NT', 2),
(47, 11, 160247, 56, '', 'NT', 2),
(47, 11, 160238, 57, '', 'NT', 2),
(47, 11, 160246, 59, '', 'NT', 2),
(47, 8, 160168, 90, '', 'NT', 2),
(47, 8, 160180, 112, '', 'NT', 2),
(48, 10, 160221, 58, '', 'NT', 2),
(48, 7, 160149, 75, '', 'NT', 2),
(49, 24, 160540, 8, '', 'NT', 1),
(49, 24, 160533, 62, '', 'NT', 2),
(49, 14, 160303, 71, '', 'NT', 2),
(49, 14, 160322, 72, '', 'NT', 2),
(49, 24, 160547, 88, '', 'NT', 2),
(50, 8, 160177, 1, '', 'ST', 1),
(50, 8, 160172, 36, '', 'NT', 1),
(50, 7, 160143, 43, '', 'NT', 1),
(50, 8, 160180, 45, '', 'NT', 1),
(50, 8, 160173, 50, '', 'NT', 2),
(50, 7, 160152, 75, '', 'NT', 2),
(51, 14, 160304, 34, '', 'NT', 1),
(51, 14, 160313, 62, '', 'NT', 2),
(51, 7, 160149, 80, '', 'NT', 2),
(51, 14, 160308, 95, '', 'ET', 1),
(51, 7, 160153, 97, '', 'ET', 1),
(51, 14, 160318, 98, '', 'ET', 1),
(51, 7, 160145, 107, '', 'ET', 2),
(51, 7, 160155, 115, '', 'ET', 2),
(51, 14, 160306, 119, '', 'ET', 2),
(51, 14, 160302, 122, '', 'ET', 2);

-- --------------------------------------------------------

--
-- Структура на таблица `player_in_out`
--

CREATE TABLE `player_in_out` (
  `match_num` int(11) NOT NULL,
  `team_id` int(11) NOT NULL,
  `player_id` int(11) NOT NULL,
  `in_out` char(1) DEFAULT NULL,
  `time_in_out` int(11) DEFAULT NULL,
  `play_schedule` char(2) DEFAULT NULL,
  `play_half` int(11) DEFAULT NULL
) ENGINE=InnoDB DEFAULT CHARSET=utf8;

--
-- Схема на данните от таблица `player_in_out`
--

INSERT INTO `player_in_out` (`match_num`, `team_id`, `player_id`, `in_out`, `time_in_out`, `play_schedule`, `play_half`) VALUES
(1, 7, 160151, 'I', 66, 'NT', 2),
(1, 7, 160160, 'O', 66, 'NT', 2),
(1, 7, 160161, 'I', 77, 'NT', 2),
(1, 7, 160161, 'O', 77, 'NT', 2),
(1, 7, 160157, 'I', 2, 'ST', 2),
(1, 7, 160154, 'O', 2, 'ST', 2),
(1, 16, 160365, 'I', 61, 'NT', 2),
(1, 16, 160366, 'O', 61, 'NT', 2),
(1, 16, 160357, 'I', 72, 'NT', 2),
(1, 16, 160363, 'O', 72, 'NT', 2),
(1, 16, 160364, 'I', 82, 'NT', 2),
(1, 16, 160360, 'O', 82, 'NT', 2),
(2, 1, 160014, 'I', 62, 'NT', 2),
(2, 1, 160019, 'O', 62, 'NT', 2),
(2, 1, 160021, 'I', 74, 'NT', 2),
(2, 1, 160018, 'O', 74, 'NT', 2),
(2, 1, 160022, 'I', 82, 'NT', 2),
(2, 1, 160023, 'O', 82, 'NT', 2),
(2, 21, 160480, 'I', 62, 'NT', 2),
(2, 21, 160481, 'O', 62, 'NT', 2),
(2, 21, 160475, 'I', 76, 'NT', 2),
(2, 21, 160473, 'O', 76, 'NT', 2),
(2, 21, 160474, 'I', 88, 'NT', 2),
(2, 21, 160476, 'O', 88, 'NT', 2),
(3, 18, 160413, 'I', 59, 'NT', 2),
(3, 18, 160412, 'O', 59, 'NT', 2),
(3, 18, 160403, 'I', 60, 'NT', 2),
(3, 18, 160406, 'O', 60, 'NT', 2),
(3, 18, 160410, 'I', 83, 'NT', 2),
(3, 18, 160411, 'O', 83, 'NT', 2),
(3, 24, 160543, 'I', 69, 'NT', 2),
(3, 24, 160541, 'O', 69, 'NT', 2),
(3, 24, 160550, 'I', 71, 'NT', 2),
(3, 24, 160546, 'O', 71, 'NT', 2),
(3, 24, 160537, 'I', 88, 'NT', 2),
(3, 24, 160544, 'O', 88, 'NT', 2),
(4, 6, 160133, 'I', 78, 'NT', 2),
(4, 6, 160136, 'O', 78, 'NT', 2),
(4, 6, 160131, 'I', 87, 'NT', 2),
(4, 6, 160132, 'O', 87, 'NT', 2),
(4, 17, 160386, 'I', 77, 'NT', 2),
(4, 17, 160381, 'O', 77, 'NT', 2),
(4, 17, 160380, 'I', 80, 'NT', 2),
(4, 17, 160376, 'O', 80, 'NT', 2),
(4, 17, 160383, 'I', 85, 'NT', 2),
(4, 17, 160391, 'O', 85, 'NT', 2),
(5, 4, 160090, 'I', 87, 'NT', 2),
(5, 4, 160085, 'O', 87, 'NT', 2),
(5, 4, 160075, 'I', 90, 'NT', 2),
(5, 4, 160086, 'O', 90, 'NT', 2),
(5, 4, 160092, 'I', 3, 'ST', 2),
(5, 4, 160091, 'O', 3, 'ST', 2),
(5, 22, 160502, 'I', 46, 'NT', 2),
(5, 22, 160498, 'O', 46, 'NT', 2),
(5, 22, 160504, 'I', 65, 'NT', 2),
(5, 22, 160494, 'O', 65, 'NT', 2),
(5, 22, 160506, 'I', 69, 'NT', 2),
(5, 22, 160505, 'O', 69, 'NT', 2),
(6, 12, 160266, 'I', 46, 'NT', 2),
(6, 12, 160265, 'O', 46, 'NT', 2),
(6, 12, 160276, 'I', 66, 'NT', 2),
(6, 12, 160269, 'O', 66, 'NT', 2),
(6, 12, 160272, 'I', 76, 'NT', 2),
(6, 12, 160257, 'O', 76, 'NT', 2),
(6, 13, 160289, 'I', 78, 'NT', 2),
(6, 13, 160293, 'O', 78, 'NT', 2),
(6, 13, 160288, 'I', 80, 'NT', 2),
(6, 13, 160287, 'O', 80, 'NT', 2),
(6, 13, 160294, 'I', 88, 'NT', 2),
(6, 13, 160290, 'O', 88, 'NT', 2),
(7, 8, 160179, 'I', 78, 'NT', 2),
(7, 8, 160173, 'O', 78, 'NT', 2),
(7, 8, 160180, 'I', 90, 'NT', 2),
(7, 8, 160174, 'O', 90, 'NT', 2),
(7, 23, 160528, 'I', 66, 'NT', 2),
(7, 23, 160529, 'O', 66, 'NT', 2),
(7, 23, 160526, 'I', 73, 'NT', 2),
(7, 23, 160519, 'O', 73, 'NT', 2),
(8, 5, 160113, 'I', 75, 'NT', 2),
(8, 5, 160114, 'O', 75, 'NT', 2),
(8, 5, 160112, 'I', 86, 'NT', 2),
(8, 5, 160096, 'O', 86, 'NT', 2),
(8, 5, 160107, 'I', 88, 'NT', 2),
(8, 5, 160110, 'O', 88, 'NT', 2),
(8, 19, 160433, 'I', 62, 'NT', 2),
(8, 19, 160435, 'O', 62, 'NT', 2),
(8, 19, 160432, 'I', 70, 'NT', 2),
(8, 19, 160428, 'O', 70, 'NT', 2),
(8, 19, 160437, 'I', 82, 'NT', 2),
(8, 19, 160436, 'O', 82, 'NT', 2),
(9, 15, 160337, 'I', 64, 'NT', 2),
(9, 15, 160345, 'O', 64, 'NT', 2),
(9, 15, 160342, 'I', 78, 'NT', 2),
(9, 15, 160335, 'O', 78, 'NT', 2),
(9, 15, 160338, 'I', 85, 'NT', 2),
(9, 15, 160336, 'O', 85, 'NT', 2),
(9, 20, 160444, 'I', 45, 'NT', 1),
(9, 20, 160446, 'O', 45, 'NT', 1),
(9, 20, 160458, 'I', 59, 'NT', 2),
(9, 20, 160457, 'O', 59, 'NT', 2),
(9, 20, 160449, 'I', 86, 'NT', 2),
(9, 20, 160455, 'O', 86, 'NT', 2),
(10, 3, 160068, 'I', 62, 'NT', 2),
(10, 3, 160063, 'O', 62, 'NT', 2),
(10, 3, 160069, 'I', 73, 'NT', 2),
(10, 3, 160067, 'O', 73, 'NT', 2),
(10, 3, 160058, 'I', 76, 'NT', 2),
(10, 3, 160051, 'O', 76, 'NT', 2),
(10, 11, 160238, 'I', 58, 'NT', 2),
(10, 11, 160237, 'O', 58, 'NT', 2),
(10, 11, 160250, 'I', 75, 'NT', 2),
(10, 11, 160248, 'O', 75, 'NT', 2),
(10, 11, 160245, 'I', 78, 'NT', 2),
(10, 11, 160242, 'O', 78, 'NT', 2),
(11, 2, 160041, 'I', 59, 'NT', 2),
(11, 2, 160040, 'O', 59, 'NT', 2),
(11, 2, 160046, 'I', 65, 'NT', 2),
(11, 2, 160045, 'O', 65, 'NT', 2),
(11, 2, 160042, 'I', 77, 'NT', 2),
(11, 2, 160037, 'O', 77, 'NT', 2),
(11, 9, 160206, 'I', 69, 'NT', 2),
(11, 9, 160207, 'O', 69, 'NT', 2),
(11, 9, 160200, 'I', 79, 'NT', 2),
(11, 9, 160197, 'O', 79, 'NT', 2),
(11, 9, 160195, 'I', 89, 'NT', 2),
(11, 9, 160204, 'O', 89, 'NT', 2),
(12, 10, 160227, 'I', 81, 'NT', 2),
(12, 10, 160230, 'O', 81, 'NT', 2),
(12, 10, 160211, 'I', 90, 'NT', 2),
(12, 10, 160229, 'O', 90, 'NT', 2),
(12, 14, 160316, 'I', 71, 'NT', 2),
(12, 14, 160314, 'O', 71, 'NT', 2),
(12, 14, 160321, 'I', 76, 'NT', 2),
(12, 14, 160313, 'O', 76, 'NT', 2),
(12, 14, 160319, 'I', 84, 'NT', 2),
(12, 14, 160311, 'O', 84, 'NT', 2),
(13, 17, 160380, 'I', 46, 'NT', 2),
(13, 17, 160383, 'I', 46, 'NT', 2),
(13, 17, 160376, 'O', 46, 'NT', 2),
(13, 17, 160381, 'O', 46, 'NT', 2),
(13, 17, 160386, 'I', 75, 'NT', 2),
(13, 17, 160390, 'O', 75, 'NT', 2),
(13, 18, 160413, 'I', 67, 'NT', 2),
(13, 18, 160403, 'O', 67, 'NT', 2),
(13, 18, 160402, 'I', 72, 'NT', 2),
(13, 18, 160411, 'O', 72, 'NT', 2),
(13, 18, 160412, 'I', 80, 'NT', 2),
(13, 18, 160408, 'O', 80, 'NT', 2),
(14, 16, 160358, 'I', 46, 'NT', 2),
(14, 16, 160359, 'O', 46, 'NT', 2),
(14, 16, 160350, 'I', 62, 'NT', 2),
(14, 16, 160355, 'O', 62, 'NT', 2),
(14, 16, 160366, 'I', 84, 'NT', 2),
(14, 16, 160368, 'O', 84, 'NT', 2),
(14, 21, 160480, 'I', 63, 'NT', 2),
(14, 21, 160482, 'O', 63, 'NT', 2),
(14, 21, 160466, 'I', 83, 'NT', 2),
(14, 21, 160473, 'O', 83, 'NT', 2),
(14, 21, 160483, 'I', 90, 'NT', 2),
(14, 21, 160476, 'O', 90, 'NT', 2),
(15, 1, 160018, 'I', 71, 'NT', 2),
(15, 1, 160008, 'O', 71, 'NT', 2),
(15, 1, 160019, 'I', 74, 'NT', 2),
(15, 1, 160015, 'O', 74, 'NT', 2),
(15, 1, 160010, 'I', 85, 'NT', 2),
(15, 1, 160005, 'O', 85, 'NT', 2),
(15, 7, 160155, 'I', 46, 'NT', 2),
(15, 7, 160161, 'O', 46, 'NT', 2),
(15, 7, 160160, 'I', 68, 'NT', 2),
(15, 7, 160151, 'O', 68, 'NT', 2),
(15, 7, 160158, 'I', 77, 'NT', 2),
(15, 7, 160159, 'O', 77, 'NT', 2),
(16, 6, 160138, 'I', 46, 'NT', 2),
(16, 6, 160137, 'I', 46, 'NT', 2),
(16, 6, 160134, 'O', 46, 'NT', 2),
(16, 6, 160132, 'O', 46, 'NT', 2),
(16, 6, 160135, 'I', 73, 'NT', 2),
(16, 6, 160130, 'O', 73, 'NT', 2),
(16, 24, 160541, 'I', 67, 'NT', 2),
(16, 24, 160543, 'O', 67, 'NT', 2),
(16, 24, 160546, 'I', 72, 'NT', 2),
(16, 24, 160550, 'O', 72, 'NT', 2),
(17, 12, 160275, 'I', 69, 'NT', 2),
(17, 12, 160272, 'O', 69, 'NT', 2),
(17, 12, 160270, 'I', 84, 'NT', 2),
(17, 12, 160276, 'O', 84, 'NT', 2),
(17, 12, 160265, 'I', 87, 'NT', 2),
(17, 12, 160268, 'O', 87, 'NT', 2),
(17, 23, 160529, 'I', 71, 'NT', 2),
(17, 23, 160528, 'O', 71, 'NT', 2),
(17, 23, 160516, 'I', 76, 'NT', 2),
(17, 23, 160523, 'O', 76, 'NT', 2),
(17, 23, 160526, 'I', 83, 'NT', 2),
(17, 23, 160519, 'O', 83, 'NT', 2),
(18, 8, 160179, 'I', 66, 'NT', 2),
(18, 8, 160174, 'O', 66, 'NT', 2),
(18, 8, 160182, 'I', 71, 'NT', 2),
(18, 8, 160173, 'O', 71, 'NT', 2),
(18, 13, 160289, 'I', 76, 'NT', 2),
(18, 13, 160293, 'O', 76, 'NT', 2),
(18, 13, 160290, 'I', 80, 'NT', 2),
(18, 13, 160287, 'O', 80, 'NT', 2),
(18, 13, 160294, 'I', 87, 'NT', 2),
(18, 13, 160288, 'O', 87, 'NT', 2),
(19, 11, 160253, 'I', 60, 'NT', 2),
(19, 11, 160252, 'O', 60, 'NT', 2),
(19, 11, 160245, 'I', 74, 'NT', 2),
(19, 11, 160242, 'O', 74, 'NT', 2),
(19, 11, 160247, 'I', 85, 'NT', 2),
(19, 11, 160243, 'O', 85, 'NT', 2),
(19, 20, 160455, 'I', 79, 'NT', 2),
(19, 20, 160448, 'I', 79, 'NT', 2),
(19, 20, 160449, 'O', 79, 'NT', 2),
(19, 20, 160451, 'O', 79, 'NT', 2),
(19, 20, 160457, 'I', 85, 'NT', 2),
(19, 20, 160458, 'O', 85, 'NT', 2),
(20, 4, 160083, 'I', 62, 'NT', 2),
(20, 4, 160084, 'O', 62, 'NT', 2),
(20, 4, 160075, 'I', 90, 'NT', 2),
(20, 4, 160086, 'O', 90, 'NT', 2),
(20, 4, 160079, 'I', 2, 'ST', 2),
(20, 4, 160077, 'O', 2, 'ST', 2),
(20, 5, 160115, 'I', 67, 'NT', 2),
(20, 5, 160112, 'I', 67, 'NT', 2),
(20, 5, 160113, 'O', 67, 'NT', 2),
(20, 5, 160111, 'O', 67, 'NT', 2),
(20, 5, 160114, 'I', 86, 'NT', 2),
(20, 5, 160108, 'O', 86, 'NT', 2),
(21, 19, 160426, 'I', 64, 'NT', 2),
(21, 19, 160431, 'O', 64, 'NT', 2),
(21, 19, 160430, 'I', 71, 'NT', 2),
(21, 19, 160428, 'O', 71, 'NT', 2),
(21, 19, 160418, 'I', 81, 'NT', 2),
(21, 19, 160421, 'O', 81, 'NT', 2),
(21, 22, 160497, 'I', 46, 'NT', 2),
(21, 22, 160495, 'O', 46, 'NT', 2),
(21, 22, 160499, 'I', 62, 'NT', 2),
(21, 22, 160498, 'O', 62, 'NT', 2),
(21, 22, 160503, 'I', 70, 'NT', 2),
(21, 22, 160501, 'O', 70, 'NT', 2),
(22, 3, 160063, 'I', 57, 'NT', 2),
(22, 3, 160060, 'O', 57, 'NT', 2),
(22, 3, 160068, 'I', 64, 'NT', 2),
(22, 3, 160058, 'O', 64, 'NT', 2),
(22, 3, 160066, 'I', 83, 'NT', 2),
(22, 3, 160067, 'O', 83, 'NT', 2),
(22, 15, 160337, 'I', 62, 'NT', 2),
(22, 15, 160336, 'O', 62, 'NT', 2),
(22, 15, 160338, 'I', 71, 'NT', 2),
(22, 15, 160335, 'O', 71, 'NT', 2),
(22, 15, 160342, 'I', 79, 'NT', 2),
(22, 15, 160343, 'O', 79, 'NT', 2),
(23, 9, 160201, 'I', 66, 'NT', 2),
(23, 9, 160205, 'I', 66, 'NT', 2),
(23, 9, 160206, 'O', 66, 'NT', 2),
(23, 9, 160200, 'O', 66, 'NT', 2),
(23, 9, 160207, 'I', 84, 'NT', 2),
(23, 9, 160191, 'O', 84, 'NT', 2),
(23, 10, 160223, 'I', 65, 'NT', 2),
(23, 10, 160222, 'O', 65, 'NT', 2),
(23, 10, 160227, 'I', 69, 'NT', 2),
(23, 10, 160226, 'O', 69, 'NT', 2),
(23, 10, 160228, 'I', 84, 'NT', 2),
(23, 10, 160230, 'O', 84, 'NT', 2),
(24, 2, 160042, 'I', 65, 'NT', 2),
(24, 2, 160034, 'O', 65, 'NT', 2),
(24, 2, 160044, 'I', 85, 'NT', 2),
(24, 2, 160041, 'O', 85, 'NT', 2),
(24, 2, 160033, 'I', 87, 'NT', 2),
(24, 2, 160038, 'O', 87, 'NT', 2),
(24, 14, 160313, 'I', 71, 'NT', 2),
(24, 14, 160321, 'O', 71, 'NT', 2),
(24, 14, 160319, 'I', 83, 'NT', 2),
(24, 14, 160311, 'O', 83, 'NT', 2),
(24, 14, 160315, 'I', 89, 'NT', 2),
(24, 14, 160320, 'O', 89, 'NT', 2),
(25, 1, 160020, 'I', 59, 'NT', 2),
(25, 1, 160023, 'O', 59, 'NT', 2),
(25, 1, 160018, 'I', 77, 'NT', 2),
(25, 1, 160016, 'O', 77, 'NT', 2),
(25, 1, 160013, 'I', 83, 'NT', 2),
(25, 1, 160012, 'O', 83, 'NT', 2),
(25, 16, 160362, 'I', 46, 'NT', 2),
(25, 16, 160361, 'O', 46, 'NT', 2),
(25, 16, 160364, 'I', 57, 'NT', 2),
(25, 16, 160365, 'O', 57, 'NT', 2),
(25, 16, 160366, 'I', 68, 'NT', 2),
(25, 16, 160360, 'O', 68, 'NT', 2),
(26, 7, 160154, 'I', 63, 'NT', 2),
(26, 7, 160151, 'O', 63, 'NT', 2),
(26, 7, 160153, 'I', 77, 'NT', 2),
(26, 7, 160160, 'O', 77, 'NT', 2),
(26, 21, 160482, 'I', 74, 'NT', 2),
(26, 21, 160480, 'O', 74, 'NT', 2),
(26, 21, 160474, 'I', 79, 'NT', 2),
(26, 21, 160476, 'O', 79, 'NT', 2),
(26, 21, 160466, 'I', 86, 'NT', 2),
(26, 21, 160481, 'O', 86, 'NT', 2),
(27, 17, 160372, 'I', 46, 'NT', 2),
(27, 17, 160373, 'O', 46, 'NT', 2),
(27, 17, 160381, 'I', 52, 'NT', 2),
(27, 17, 160386, 'O', 52, 'NT', 2),
(27, 17, 160384, 'I', 70, 'NT', 2),
(27, 17, 160391, 'O', 70, 'NT', 2),
(27, 24, 160541, 'I', 74, 'NT', 2),
(27, 24, 160540, 'O', 74, 'NT', 2),
(27, 24, 160542, 'I', 76, 'NT', 2),
(27, 24, 160543, 'O', 76, 'NT', 2),
(27, 24, 160548, 'I', 83, 'NT', 2),
(27, 24, 160547, 'O', 83, 'NT', 2),
(28, 6, 160136, 'I', 56, 'NT', 2),
(28, 6, 160133, 'O', 56, 'NT', 2),
(28, 6, 160126, 'I', 61, 'NT', 2),
(28, 6, 160130, 'O', 61, 'NT', 2),
(28, 6, 160134, 'I', 76, 'NT', 2),
(28, 6, 160137, 'O', 76, 'NT', 2),
(28, 18, 160402, 'I', 57, 'NT', 2),
(28, 18, 160403, 'O', 57, 'NT', 2),
(28, 18, 160396, 'I', 67, 'NT', 2),
(28, 18, 160409, 'O', 67, 'NT', 2),
(28, 18, 160400, 'I', 78, 'NT', 2),
(28, 18, 160411, 'O', 78, 'NT', 2),
(29, 13, 160287, 'I', 46, 'NT', 2),
(29, 13, 160296, 'O', 46, 'NT', 2),
(29, 13, 160288, 'I', 71, 'NT', 2),
(29, 13, 160290, 'O', 71, 'NT', 2),
(29, 13, 160295, 'I', 3, 'ST', 2),
(29, 13, 160298, 'O', 3, 'ST', 2),
(29, 23, 160519, 'I', 73, 'NT', 2),
(29, 23, 160526, 'O', 73, 'NT', 2),
(29, 23, 160524, 'I', 1, 'ST', 2),
(29, 23, 160529, 'O', 1, 'ST', 2),
(30, 8, 160179, 'I', 55, 'NT', 2),
(30, 8, 160174, 'O', 55, 'NT', 2),
(30, 8, 160180, 'I', 69, 'NT', 2),
(30, 8, 160175, 'O', 69, 'NT', 2),
(30, 8, 160167, 'I', 76, 'NT', 2),
(30, 8, 160165, 'O', 76, 'NT', 2),
(30, 12, 160274, 'I', 59, 'NT', 2),
(30, 12, 160276, 'O', 59, 'NT', 2),
(30, 12, 160270, 'I', 70, 'NT', 2),
(30, 12, 160272, 'O', 70, 'NT', 2),
(30, 12, 160275, 'I', 84, 'NT', 2),
(30, 12, 160268, 'O', 84, 'NT', 2),
(31, 5, 160115, 'I', 57, 'NT', 2),
(31, 5, 160107, 'O', 57, 'NT', 2),
(31, 5, 160112, 'I', 71, 'NT', 2),
(31, 5, 160104, 'O', 71, 'NT', 2),
(31, 5, 160105, 'I', 90, 'NT', 2),
(31, 5, 160108, 'O', 90, 'NT', 2),
(31, 22, 160498, 'I', 61, 'NT', 2),
(31, 22, 160502, 'O', 61, 'NT', 2),
(31, 22, 160499, 'I', 69, 'NT', 2),
(31, 22, 160506, 'O', 69, 'NT', 2),
(31, 22, 160505, 'I', 90, 'NT', 2),
(31, 22, 160504, 'O', 90, 'NT', 2),
(32, 4, 160083, 'I', 82, 'NT', 2),
(32, 4, 160087, 'O', 82, 'NT', 2),
(32, 4, 160088, 'I', 90, 'NT', 2),
(32, 4, 160092, 'O', 90, 'NT', 2),
(32, 4, 160090, 'I', 2, 'ST', 2),
(32, 4, 160085, 'O', 2, 'ST', 2),
(32, 19, 160426, 'I', 60, 'NT', 2),
(32, 19, 160436, 'O', 60, 'NT', 2),
(32, 19, 160433, 'I', 67, 'NT', 2),
(32, 19, 160435, 'O', 67, 'NT', 2),
(32, 19, 160432, 'I', 84, 'NT', 2),
(32, 19, 160428, 'O', 84, 'NT', 2),
(33, 2, 160042, 'I', 46, 'NT', 2),
(33, 2, 160045, 'I', 46, 'NT', 2),
(33, 2, 160031, 'O', 46, 'NT', 2),
(33, 2, 160038, 'O', 46, 'NT', 2),
(33, 2, 160039, 'I', 78, 'NT', 2),
(33, 2, 160041, 'O', 78, 'NT', 2),
(33, 10, 160211, 'I', 71, 'NT', 2),
(33, 10, 160226, 'O', 71, 'NT', 2),
(33, 10, 160219, 'I', 80, 'NT', 2),
(33, 10, 160230, 'O', 80, 'NT', 2),
(33, 10, 160214, 'I', 86, 'NT', 2),
(33, 10, 160229, 'O', 86, 'NT', 2),
(34, 9, 160188, 'I', 46, 'NT', 2),
(34, 9, 160203, 'O', 46, 'NT', 2),
(34, 9, 160204, 'I', 71, 'NT', 2),
(34, 9, 160207, 'O', 71, 'NT', 2),
(34, 9, 160200, 'I', 83, 'NT', 2),
(34, 9, 160198, 'O', 83, 'NT', 2),
(34, 14, 160316, 'I', 46, 'NT', 2),
(34, 14, 160314, 'O', 46, 'NT', 2),
(34, 14, 160321, 'I', 61, 'NT', 2),
(34, 14, 160311, 'O', 61, 'NT', 2),
(34, 14, 160313, 'I', 81, 'NT', 2),
(34, 14, 160320, 'O', 81, 'NT', 2),
(35, 11, 160237, 'I', 60, 'NT', 2),
(35, 11, 160240, 'O', 60, 'NT', 2),
(35, 11, 160251, 'I', 74, 'NT', 2),
(35, 11, 160250, 'O', 74, 'NT', 2),
(35, 11, 160249, 'I', 81, 'NT', 2),
(35, 11, 160238, 'O', 81, 'NT', 2),
(35, 15, 160338, 'I', 70, 'NT', 2),
(35, 15, 160344, 'O', 70, 'NT', 2),
(35, 15, 160335, 'I', 77, 'NT', 2),
(35, 15, 160336, 'O', 77, 'NT', 2),
(35, 15, 160340, 'I', 90, 'NT', 2),
(35, 15, 160343, 'O', 90, 'NT', 2),
(36, 3, 160068, 'I', 71, 'NT', 2),
(36, 3, 160058, 'O', 71, 'NT', 2),
(36, 3, 160066, 'I', 87, 'NT', 2),
(36, 3, 160067, 'O', 87, 'NT', 2),
(36, 3, 160069, 'I', 2, 'ST', 2),
(36, 3, 160062, 'O', 2, 'ST', 2),
(36, 20, 160458, 'I', 63, 'NT', 2),
(36, 20, 160457, 'O', 63, 'NT', 2),
(36, 20, 160448, 'I', 70, 'NT', 2),
(36, 20, 160454, 'O', 70, 'NT', 2),
(36, 20, 160450, 'I', 82, 'NT', 2),
(36, 20, 160451, 'O', 82, 'NT', 2),
(37, 13, 160289, 'I', 101, 'ET', 1),
(37, 13, 160293, 'O', 101, 'ET', 1),
(37, 13, 160294, 'I', 104, 'ET', 1),
(37, 13, 160288, 'O', 104, 'ET', 1),
(37, 21, 160480, 'I', 58, 'NT', 2),
(37, 21, 160473, 'O', 58, 'NT', 2),
(37, 21, 160479, 'I', 70, 'NT', 2),
(37, 21, 160481, 'O', 70, 'NT', 2),
(37, 21, 160474, 'I', 77, 'NT', 2),
(37, 21, 160472, 'O', 77, 'NT', 2),
(38, 12, 160276, 'I', 69, 'NT', 2),
(38, 12, 160272, 'O', 69, 'NT', 2),
(38, 12, 160275, 'I', 79, 'NT', 2),
(38, 12, 160271, 'O', 79, 'NT', 2),
(38, 12, 160270, 'I', 84, 'NT', 2),
(38, 12, 160262, 'O', 84, 'NT', 2),
(38, 24, 160550, 'I', 55, 'NT', 2),
(38, 24, 160551, 'O', 55, 'NT', 2),
(38, 24, 160546, 'I', 63, 'NT', 2),
(38, 24, 160543, 'O', 63, 'NT', 2),
(39, 4, 160092, 'I', 110, 'ET', 2),
(39, 4, 160086, 'O', 110, 'ET', 2),
(39, 4, 160090, 'I', 120, 'ET', 2),
(39, 4, 160073, 'O', 120, 'ET', 2),
(39, 4, 160089, 'I', 88, 'NT', 2),
(39, 4, 160091, 'O', 88, 'NT', 2),
(39, 14, 160313, 'I', 117, 'ET', 2),
(39, 14, 160310, 'O', 117, 'ET', 2),
(39, 14, 160316, 'I', 50, 'NT', 2),
(39, 14, 160311, 'O', 50, 'NT', 2),
(39, 14, 160321, 'I', 87, 'NT', 2),
(39, 14, 160313, 'O', 87, 'NT', 2),
(40, 7, 160151, 'I', 46, 'NT', 2),
(40, 7, 160152, 'O', 46, 'NT', 2),
(40, 7, 160158, 'I', 73, 'NT', 2),
(40, 7, 160159, 'O', 73, 'NT', 2),
(40, 7, 160157, 'I', 2, 'ST', 2),
(40, 7, 160151, 'O', 2, 'ST', 2),
(40, 15, 160345, 'I', 65, 'NT', 2),
(40, 15, 160344, 'O', 65, 'NT', 2),
(40, 15, 160331, 'I', 68, 'NT', 2),
(40, 15, 160337, 'O', 68, 'NT', 2),
(40, 15, 160335, 'I', 71, 'NT', 2),
(40, 15, 160336, 'O', 71, 'NT', 2),
(41, 8, 160167, 'I', 72, 'NT', 2),
(41, 8, 160184, 'I', 72, 'NT', 2),
(41, 8, 160165, 'O', 72, 'NT', 2),
(41, 8, 160173, 'O', 72, 'NT', 2),
(41, 8, 160180, 'I', 76, 'NT', 2),
(41, 8, 160175, 'O', 76, 'NT', 2),
(41, 18, 160404, 'I', 46, 'NT', 2),
(41, 18, 160411, 'O', 46, 'NT', 2),
(41, 18, 160414, 'I', 64, 'NT', 2),
(41, 18, 160412, 'O', 64, 'NT', 2),
(41, 18, 160399, 'I', 84, 'NT', 2),
(41, 18, 160396, 'O', 84, 'NT', 2),
(42, 3, 160058, 'I', 70, 'NT', 2),
(42, 3, 160068, 'O', 70, 'NT', 2),
(42, 3, 160065, 'I', 76, 'NT', 2),
(42, 3, 160067, 'O', 76, 'NT', 2),
(42, 3, 160061, 'I', 81, 'NT', 2),
(42, 3, 160062, 'O', 81, 'NT', 2),
(42, 9, 160196, 'I', 46, 'NT', 2),
(42, 9, 160203, 'O', 46, 'NT', 2),
(42, 9, 160205, 'I', 75, 'NT', 2),
(42, 9, 160195, 'O', 75, 'NT', 2),
(42, 9, 160201, 'I', 79, 'NT', 2),
(42, 9, 160191, 'O', 79, 'NT', 2),
(43, 11, 160245, 'I', 54, 'NT', 2),
(43, 11, 160242, 'O', 54, 'NT', 2),
(43, 11, 160251, 'I', 82, 'NT', 2),
(43, 11, 160248, 'O', 82, 'NT', 2),
(43, 11, 160237, 'I', 84, 'NT', 2),
(43, 11, 160243, 'O', 84, 'NT', 2),
(43, 19, 160433, 'I', 46, 'NT', 2),
(43, 19, 160436, 'O', 46, 'NT', 2),
(43, 19, 160434, 'I', 70, 'NT', 2),
(43, 19, 160435, 'O', 70, 'NT', 2),
(43, 19, 160437, 'I', 81, 'NT', 2),
(43, 19, 160433, 'O', 81, 'NT', 2),
(44, 6, 160133, 'I', 46, 'NT', 2),
(44, 6, 160128, 'O', 46, 'NT', 2),
(44, 6, 160138, 'I', 60, 'NT', 2),
(44, 6, 160132, 'O', 60, 'NT', 2),
(44, 6, 160135, 'I', 87, 'NT', 2),
(44, 6, 160136, 'O', 87, 'NT', 2),
(44, 10, 160211, 'I', 76, 'NT', 2),
(44, 10, 160230, 'O', 76, 'NT', 2),
(44, 10, 160219, 'I', 89, 'NT', 2),
(44, 10, 160226, 'O', 89, 'NT', 2),
(45, 13, 160289, 'I', 98, 'ET', 1),
(45, 13, 160293, 'O', 98, 'ET', 1),
(45, 13, 160290, 'I', 82, 'NT', 2),
(45, 13, 160288, 'O', 82, 'NT', 2),
(45, 14, 160313, 'I', 96, 'ET', 1),
(45, 14, 160318, 'O', 96, 'ET', 1),
(45, 14, 160314, 'I', 70, 'NT', 2),
(45, 14, 160310, 'O', 70, 'NT', 2),
(45, 14, 160321, 'I', 80, 'NT', 2),
(45, 14, 160313, 'O', 80, 'NT', 2),
(46, 3, 160061, 'I', 46, 'NT', 2),
(46, 3, 160058, 'O', 46, 'NT', 2),
(46, 3, 160068, 'I', 75, 'NT', 2),
(46, 3, 160054, 'O', 75, 'NT', 2),
(46, 3, 160065, 'I', 83, 'NT', 2),
(46, 3, 160067, 'O', 83, 'NT', 2),
(46, 24, 160542, 'I', 78, 'NT', 2),
(46, 24, 160543, 'O', 78, 'NT', 2),
(46, 24, 160551, 'I', 80, 'NT', 2),
(46, 24, 160550, 'O', 80, 'NT', 2),
(46, 24, 160534, 'I', 90, 'NT', 2),
(46, 24, 160544, 'O', 90, 'NT', 2),
(47, 8, 160180, 'I', 16, 'NT', 1),
(47, 8, 160175, 'O', 16, 'NT', 1),
(47, 8, 160173, 'I', 72, 'NT', 2),
(47, 8, 160182, 'O', 72, 'NT', 2),
(47, 11, 160253, 'I', 120, 'ET', 2),
(47, 11, 160236, 'O', 120, 'ET', 2),
(47, 11, 160237, 'I', 86, 'NT', 2),
(47, 11, 160243, 'O', 86, 'NT', 2),
(47, 11, 160251, 'I', 108, 'NT', 2),
(47, 11, 160248, 'O', 108, 'NT', 2),
(48, 7, 160158, 'I', 60, 'NT', 2),
(48, 7, 160159, 'O', 60, 'NT', 2),
(48, 7, 160146, 'I', 72, 'NT', 2),
(48, 7, 160145, 'O', 72, 'NT', 2),
(48, 7, 160151, 'I', 80, 'NT', 2),
(48, 7, 160154, 'O', 80, 'NT', 2),
(48, 10, 160214, 'I', 46, 'NT', 2),
(48, 10, 160227, 'I', 46, 'NT', 2),
(48, 10, 160220, 'O', 46, 'NT', 2),
(48, 10, 160226, 'O', 46, 'NT', 2),
(48, 10, 160228, 'I', 83, 'NT', 2),
(48, 10, 160230, 'O', 83, 'NT', 2),
(49, 14, 160311, 'I', 74, 'NT', 2),
(49, 14, 160316, 'O', 74, 'NT', 2),
(49, 14, 160314, 'I', 79, 'NT', 2),
(49, 14, 160310, 'O', 79, 'NT', 2),
(49, 14, 160321, 'I', 86, 'NT', 2),
(49, 14, 160320, 'O', 86, 'NT', 2),
(49, 24, 160551, 'I', 58, 'NT', 2),
(49, 24, 160543, 'O', 58, 'NT', 2),
(49, 24, 160548, 'I', 63, 'NT', 2),
(49, 24, 160550, 'O', 63, 'NT', 2),
(49, 24, 160546, 'I', 66, 'NT', 2),
(49, 24, 160534, 'O', 66, 'NT', 2),
(50, 7, 160152, 'I', 71, 'NT', 2),
(50, 7, 160154, 'O', 71, 'NT', 2),
(50, 7, 160158, 'I', 78, 'NT', 2),
(50, 7, 160159, 'O', 78, 'NT', 2),
(50, 7, 160150, 'I', 2, 'ST', 2),
(50, 7, 160160, 'O', 2, 'ST', 2),
(50, 8, 160170, 'I', 61, 'NT', 2),
(50, 8, 160165, 'O', 61, 'NT', 2),
(50, 8, 160174, 'I', 67, 'NT', 2),
(50, 8, 160172, 'O', 67, 'NT', 2),
(50, 8, 160178, 'I', 79, 'NT', 2),
(50, 8, 160180, 'O', 79, 'NT', 2),
(51, 7, 160161, 'I', 110, 'ET', 2),
(51, 7, 160154, 'O', 110, 'ET', 2),
(51, 7, 160151, 'I', 58, 'NT', 2),
(51, 7, 160154, 'O', 58, 'NT', 2),
(51, 7, 160158, 'I', 78, 'NT', 2),
(51, 7, 160159, 'O', 78, 'NT', 2),
(51, 14, 160321, 'I', 25, 'NT', 1),
(51, 14, 160322, 'O', 25, 'NT', 1),
(51, 14, 160314, 'I', 66, 'NT', 2),
(51, 14, 160310, 'O', 66, 'NT', 2),
(51, 14, 160319, 'I', 79, 'NT', 2),
(51, 14, 160316, 'O', 79, 'NT', 2);

-- --------------------------------------------------------

--
-- Структура на таблица `player_mast`
--

CREATE TABLE `player_mast` (
  `player_id` int(11) NOT NULL,
  `team_id` int(11) DEFAULT NULL,
  `jersey_num` int(11) DEFAULT NULL,
  `name` varchar(40) DEFAULT NULL,
  `pos_to_play` char(2) DEFAULT NULL,
  `date_of_birth` date DEFAULT NULL,
  `age` int(11) DEFAULT NULL,
  `playing_club` varchar(40) DEFAULT NULL
) ENGINE=InnoDB DEFAULT CHARSET=utf8;

--
-- Схема на данните от таблица `player_mast`
--

INSERT INTO `player_mast` (`player_id`, `team_id`, `jersey_num`, `name`, `pos_to_play`, `date_of_birth`, `age`, `playing_club`) VALUES
(160001, 1, 1, 'Etrit Berisha', 'GK', '1989-03-10', 27, 'Lazio'),
(160002, 1, 23, 'Alban Hoxha', 'GK', '1987-11-23', 28, 'Partizani'),
(160003, 1, 12, 'Orges Shehi', 'GK', '1977-09-25', 38, 'Skenderbeu'),
(160004, 1, 7, 'Ansi Agolli', 'DF', '1982-10-11', 33, 'Qarabag'),
(160005, 1, 18, 'Arlind Ajeti', 'DF', '1993-09-25', 22, 'Frosinone'),
(160006, 1, 17, 'Naser Aliji', 'DF', '1993-12-27', 22, 'Basel'),
(160007, 1, 4, 'Elseid Hysaj', 'DF', '1994-02-20', 22, 'Napoli'),
(160008, 1, 2, 'Andi Lila', 'DF', '1986-02-12', 30, 'Giannina'),
(160009, 1, 15, 'Mergim Mavraj', 'DF', '1986-06-09', 30, 'Koln'),
(160010, 1, 6, 'Frederic Veseli', 'DF', '1992-11-20', 23, 'Lugano'),
(160011, 1, 22, 'Amir Abrashi', 'MF', '1990-03-27', 26, 'Freiburg'),
(160012, 1, 8, 'Migjen Basha', 'MF', '1987-01-05', 29, 'Como'),
(160013, 1, 5, 'Lorik Cana', 'MF', '1983-07-27', 32, 'Nantes'),
(160014, 1, 20, 'Ergys Kace', 'MF', '1993-07-08', 22, 'PAOK'),
(160015, 1, 13, 'Burim Kukeli', 'MF', '1984-01-16', 32, 'Zurich'),
(160016, 1, 3, 'Ermir Lenjani', 'MF', '1989-08-05', 26, 'Nantes'),
(160017, 1, 9, 'Ledian Memushaj', 'MF', '1986-12-17', 29, 'Pescara'),
(160018, 1, 21, 'Odise Roshi', 'MF', '1991-05-22', 25, 'Rijeka'),
(160019, 1, 14, 'Taulant Xhaka', 'MF', '1991-03-28', 25, 'Basel'),
(160020, 1, 19, 'Bekim Balaj', 'FD', '1991-01-11', 25, 'Rijeka'),
(160021, 1, 16, 'Sokol Cikalleshi', 'FD', '1990-07-27', 25, 'Istanbul Basaksehir'),
(160022, 1, 11, 'Shkelzen Gashi', 'FD', '1988-07-15', 27, 'Colorado'),
(160023, 1, 10, 'Armando Sadiku', 'FD', '1991-05-27', 25, 'Vaduz'),
(160024, 2, 1, 'Robert Almer', 'GK', '1984-03-20', 32, 'Austria Wien'),
(160025, 2, 12, 'Heinz Lindner', 'GK', '1990-07-17', 25, 'Frankfurt'),
(160026, 2, 23, 'Ramazan Ozcan', 'GK', '1984-06-28', 31, 'Ingolstadt'),
(160027, 2, 3, 'Aleksandar Dragovic', 'DF', '1991-03-06', 25, 'Dynamo Kyiv'),
(160028, 2, 5, 'Christian Fuchs', 'DF', '1986-04-07', 30, 'Leicester'),
(160029, 2, 4, 'Martin Hinteregger', 'DF', '1992-09-07', 23, 'Monchengladbach'),
(160030, 2, 17, 'Florian Klein', 'DF', '1986-11-17', 29, 'Stuttgart'),
(160031, 2, 15, 'Sebastian Prodl', 'DF', '1987-06-21', 28, 'Watford'),
(160032, 2, 13, 'Markus Suttner', 'DF', '1987-04-16', 29, 'Ingolstadt'),
(160033, 2, 16, 'Kevin Wimmer', 'DF', '1992-11-15', 23, 'Tottenham'),
(160034, 2, 8, 'David Alaba', 'MF', '1992-06-24', 23, 'Bayern'),
(160035, 2, 14, 'Julian Baumgartlinger', 'MF', '1988-01-02', 28, 'Mainz'),
(160036, 2, 2, 'Gyorgy Garics', 'MF', '1984-03-08', 32, 'Darmstadt'),
(160037, 2, 11, 'Martin Harnik', 'MF', '1987-06-10', 29, 'Stuttgart'),
(160038, 2, 6, 'Stefan Ilsanker', 'MF', '1989-05-18', 27, 'Leipzig'),
(160039, 2, 22, 'Jakob Jantscher', 'MF', '1989-01-08', 27, 'Luzern'),
(160040, 2, 10, 'Zlatko Junuzovic', 'MF', '1987-09-26', 28, 'Bremen'),
(160041, 2, 20, 'Marcel Sabitzer', 'MF', '1994-03-17', 22, 'Leipzig'),
(160042, 2, 18, 'Alessandro Schopf', 'MF', '1994-02-07', 22, 'Schalke'),
(160043, 2, 7, 'Marko Arnautovic', 'FD', '1989-04-19', 27, 'Stoke'),
(160044, 2, 19, 'Lukas Hinterseer', 'FD', '1991-03-28', 25, 'Ingolstadt'),
(160045, 2, 21, 'Marc Janko', 'FD', '1983-06-25', 32, 'Basel'),
(160046, 2, 9, 'Rubin Okotie', 'FD', '1987-06-06', 29, '1860 Munchen'),
(160047, 3, 1, 'Thibaut Courtois', 'GK', '1992-05-11', 24, 'Chelsea'),
(160048, 3, 13, 'Jean-Francois Gillet', 'GK', '1979-05-31', 37, 'Mechelen'),
(160049, 3, 12, 'Simon Mignolet', 'GK', '1988-08-06', 27, 'Liverpool'),
(160050, 3, 2, 'Toby Alderweireld', 'DF', '1989-03-02', 27, 'Tottenham'),
(160051, 3, 23, 'Laurent Ciman', 'DF', '1985-08-05', 30, 'Montreal'),
(160052, 3, 15, 'Jason Denayer', 'DF', '1995-06-28', 20, 'Galatasaray'),
(160053, 3, 18, 'Christian Kabasele', 'DF', '1991-02-24', 25, 'Genk'),
(160054, 3, 21, 'Jordan Lukaku', 'DF', '1994-07-25', 21, 'Oostende'),
(160055, 3, 16, 'Thomas Meunier', 'DF', '1991-09-12', 24, 'Club Brugge'),
(160056, 3, 3, 'Thomas Vermaelen', 'DF', '1985-11-14', 30, 'Barcelona'),
(160057, 3, 5, 'Jan Vertonghen', 'DF', '1987-04-24', 29, 'Tottenham'),
(160058, 3, 11, 'Yannick Carrasco', 'MF', '1993-09-04', 22, 'Atletico'),
(160059, 3, 7, 'Kevin De Bruyne', 'MF', '1991-06-28', 24, 'Man. City'),
(160060, 3, 19, 'Mousa Dembele', 'MF', '1987-07-16', 28, 'Tottenham'),
(160061, 3, 8, 'Marouane Fellaini', 'MF', '1987-11-22', 28, 'Man. United'),
(160062, 3, 10, 'Eden Hazard', 'MF', '1991-01-07', 25, 'Chelsea'),
(160063, 3, 4, 'Radja Nainggolan', 'MF', '1988-05-04', 28, 'Roma'),
(160064, 3, 6, 'Axel Witsel', 'MF', '1989-01-12', 27, 'Zenit'),
(160065, 3, 22, 'Michy Batshuayi', 'FD', '1993-10-02', 22, 'Marseille'),
(160066, 3, 20, 'Christian Benteke', 'FD', '1990-12-03', 25, 'Liverpool'),
(160067, 3, 9, 'Romelu Lukaku', 'FD', '1993-05-13', 23, 'Everton'),
(160068, 3, 14, 'Dries Mertens', 'FD', '1987-05-06', 29, 'Napoli'),
(160069, 3, 17, 'Divock Origi', 'FD', '1995-04-18', 21, 'Liverpool'),
(160070, 4, 12, 'Lovre Kalinic', 'GK', '1990-04-03', 26, 'Hajduk Split'),
(160071, 4, 23, 'Danijel SubaSic', 'GK', '1984-10-27', 31, 'Monaco'),
(160072, 4, 1, 'Ivan Vargic', 'GK', '1987-03-15', 29, 'Rijeka'),
(160073, 4, 5, 'Vedran Corluka', 'DF', '1986-02-05', 30, 'Lokomotiv Moskva'),
(160074, 4, 6, 'Tin Jedvaj', 'DF', '1995-11-28', 20, 'Leverkusen'),
(160075, 4, 13, 'Gordon Schildenfeld', 'DF', '1985-03-18', 31, 'Dinamo Zagreb'),
(160076, 4, 11, 'Darijo Srna', 'DF', '1982-05-01', 34, 'Shakhtar Donetsk'),
(160077, 4, 3, 'Ivan Strinic', 'DF', '1987-07-17', 28, 'Napoli'),
(160078, 4, 21, 'Domagoj Vida', 'DF', '1989-04-29', 27, 'Dynamo Kyiv'),
(160079, 4, 2, 'Sime Vrsaljko', 'DF', '1992-01-10', 24, 'Sassuolo'),
(160080, 4, 19, 'Milan Badelj', 'MF', '1989-02-25', 27, 'Fiorentina'),
(160081, 4, 14, 'Marcelo Brozovic', 'MF', '1992-11-16', 23, 'Internazionale'),
(160082, 4, 18, 'Ante Coric', 'MF', '1997-04-14', 19, 'Dinamo Zagreb'),
(160083, 4, 8, 'Mateo Kovacic', 'MF', '1994-05-06', 22, 'Real Madrid'),
(160084, 4, 10, 'Luka Modric', 'MF', '1985-09-09', 30, 'Real Madrid'),
(160085, 4, 4, 'Ivan PeriSic', 'MF', '1989-02-02', 27, 'Internazionale'),
(160086, 4, 7, 'Ivan Rakitic', 'MF', '1988-03-10', 28, 'Barcelona'),
(160087, 4, 15, 'Marko Rog', 'MF', '1995-07-19', 20, 'Dinamo Zagreb'),
(160088, 4, 22, 'Duje Cop', 'FD', '1990-02-01', 26, 'Malaga'),
(160089, 4, 16, 'Nikola Kalinic', 'FD', '1988-01-05', 28, 'Fiorentina'),
(160090, 4, 9, 'Andrej Kramaric', 'FD', '1991-06-19', 24, 'Hoffenheim'),
(160091, 4, 17, 'Mario Mandzukic', 'FD', '1986-05-21', 30, 'Juventus'),
(160092, 4, 20, 'Marko Pjaca', 'FD', '1995-05-06', 21, 'Dinamo Zagreb'),
(160093, 5, 1, 'Petr Cech', 'GK', '1982-05-20', 34, 'Arsenal'),
(160094, 5, 23, 'TomasKoubek', 'GK', '1992-08-26', 23, 'Liberec'),
(160095, 5, 16, 'TomasVaclik', 'GK', '1989-03-29', 27, 'Basel'),
(160096, 5, 4, 'Theodor Gebre Selassie', 'DF', '1986-12-24', 29, 'Bremen'),
(160097, 5, 5, 'Roman Hubnik', 'DF', '1984-06-06', 32, 'Plzen'),
(160098, 5, 2, 'Pavel Kaderabek', 'DF', '1992-04-25', 24, 'Hoffenheim'),
(160099, 5, 3, 'Michal Kadlec', 'DF', '1984-12-13', 31, 'Fenerbahce'),
(160100, 5, 8, 'David Limbersky', 'DF', '1983-10-06', 32, 'Plzen'),
(160101, 5, 6, 'TomasSivok', 'DF', '1983-09-15', 32, 'Bursaspor'),
(160102, 5, 17, 'Marek Suchy', 'DF', '1988-03-29', 28, 'Basel'),
(160103, 5, 22, 'Vladimir Darida', 'MF', '1990-08-08', 25, 'Hertha'),
(160104, 5, 9, 'Borek Dockal', 'MF', '1988-09-30', 27, 'Sparta Praha'),
(160105, 5, 14, 'Daniel Kolar', 'MF', '1985-10-27', 30, 'Plzen'),
(160106, 5, 19, 'Ladislav Krejci', 'MF', '1992-07-05', 23, 'Sparta Praha'),
(160107, 5, 15, 'David Pavelka', 'MF', '1991-05-18', 25, 'Kasimpasa'),
(160108, 5, 13, 'Jaroslav PlaSil', 'MF', '1982-01-05', 34, 'Bordeaux'),
(160109, 5, 11, 'Daniel Pudil', 'MF', '1985-09-27', 30, 'Sheff. Wednesday'),
(160110, 5, 10, 'TomasRosicky', 'MF', '1980-10-04', 35, 'Arsenal'),
(160111, 5, 20, 'Jiri Skalak', 'MF', '1992-03-12', 24, 'Brighton'),
(160112, 5, 18, 'Josef Sural', 'MF', '1990-05-30', 26, 'Sparta Praha'),
(160113, 5, 21, 'David Lafata', 'FD', '1981-09-18', 34, 'Sparta Praha'),
(160114, 5, 7, 'TomasNecid', 'FD', '1989-08-13', 26, 'Bursaspor'),
(160115, 5, 12, 'Milan Skoda', 'FD', '1986-01-16', 30, 'Slavia Praha'),
(160116, 6, 13, 'Fraser Forster', 'GK', '1988-03-17', 28, 'Southampton'),
(160117, 6, 1, 'Joe Hart', 'GK', '1987-04-19', 29, 'Man. City'),
(160118, 6, 23, 'Tom Heaton', 'GK', '1986-04-15', 30, 'Burnley'),
(160119, 6, 21, 'Ryan Bertrand', 'DF', '1989-08-05', 26, 'Southampton'),
(160120, 6, 5, 'Gary Cahill', 'DF', '1985-12-19', 30, 'Chelsea'),
(160121, 6, 12, 'Nathaniel Clyne', 'DF', '1991-04-05', 25, 'Liverpool'),
(160122, 6, 3, 'Danny Rose', 'DF', '1990-07-02', 25, 'Tottenham'),
(160123, 6, 6, 'Chris Smalling', 'DF', '1989-11-22', 26, 'Man. United'),
(160124, 6, 16, 'John Stones', 'DF', '1994-05-28', 22, 'Everton'),
(160125, 6, 2, 'Kyle Walker', 'DF', '1990-05-28', 26, 'Tottenham'),
(160126, 6, 20, 'Dele Alli', 'MF', '1996-04-11', 20, 'Tottenham'),
(160127, 6, 19, 'Ross Barkley', 'MF', '1993-12-05', 22, 'Everton'),
(160128, 6, 17, 'Eric Dier', 'MF', '1994-01-15', 22, 'Tottenham'),
(160129, 6, 14, 'Jordan Henderson', 'MF', '1990-06-17', 26, 'Liverpool'),
(160130, 6, 8, 'Adam Lallana', 'MF', '1988-05-10', 28, 'Liverpool'),
(160131, 6, 4, 'James Milner', 'MF', '1986-01-04', 30, 'Liverpool'),
(160132, 6, 7, 'Raheem Sterling', 'MF', '1994-12-08', 21, 'Man. City'),
(160133, 6, 18, 'Jack Wilshere', 'MF', '1992-01-01', 24, 'Arsenal'),
(160134, 6, 9, 'Harry Kane', 'FD', '1993-07-28', 22, 'Tottenham'),
(160135, 6, 22, 'Marcus Rashford', 'FD', '1997-10-31', 18, 'Man. United'),
(160136, 6, 10, 'Wayne Rooney', 'FD', '1985-10-24', 30, 'Man. United'),
(160137, 6, 15, 'Daniel Sturridge', 'FD', '1989-09-01', 26, 'Liverpool'),
(160138, 6, 11, 'Jamie Vardy', 'FD', '1987-01-11', 29, 'Leicester'),
(160139, 7, 23, 'Benoit Costil', 'GK', '1987-07-03', 28, 'Rennes'),
(160140, 7, 1, 'Hugo Lloris', 'GK', '1986-12-26', 29, 'Tottenham'),
(160141, 7, 16, 'Steve Mandanda', 'GK', '1985-03-28', 31, 'Marseille'),
(160142, 7, 17, 'Lucas Digne', 'DF', '1993-07-20', 22, 'Roma'),
(160143, 7, 3, 'Patrice Evra', 'DF', '1981-05-15', 35, 'Juventus'),
(160144, 7, 2, 'Christophe Jallet', 'DF', '1983-10-31', 32, 'Lyon'),
(160145, 7, 21, 'Laurent Koscielny', 'DF', '1985-09-10', 30, 'Arsenal'),
(160146, 7, 13, 'Eliaquim Mangala', 'DF', '1991-02-13', 25, 'Man. City'),
(160147, 7, 4, 'Adil Rami', 'DF', '1985-12-27', 30, 'Sevilla'),
(160148, 7, 19, 'Bacary Sagna', 'DF', '1983-02-14', 33, 'Man. City'),
(160149, 7, 22, 'Samuel Umtiti', 'DF', '1993-11-14', 22, 'Lyon'),
(160150, 7, 6, 'Yohan Cabaye', 'MF', '1986-01-14', 30, 'Crystal Palace'),
(160151, 7, 20, 'Kingsley Coman', 'MF', '1996-06-13', 20, 'Bayern'),
(160152, 7, 5, 'NGolo Kante', 'MF', '1991-03-29', 25, 'Leicester'),
(160153, 7, 14, 'Blaise Matuidi', 'MF', '1987-04-09', 29, 'Paris'),
(160154, 7, 8, 'Dimitri Payet', 'MF', '1987-03-29', 29, 'West Ham'),
(160155, 7, 15, 'Paul Pogba', 'MF', '1993-03-15', 23, 'Juventus'),
(160156, 7, 12, 'Morgan Schneiderlin', 'MF', '1989-11-08', 26, 'Man. United'),
(160157, 7, 18, 'Moussa Sissoko', 'MF', '1989-08-16', 26, 'Newcastle'),
(160158, 7, 10, 'Andre-Pierre Gignac', 'FD', '1985-12-05', 30, 'Tigres'),
(160159, 7, 9, 'Olivier Giroud', 'FD', '1986-09-30', 29, 'Arsenal'),
(160160, 7, 7, 'Antoine Griezmann', 'FD', '1991-03-21', 25, 'Atletico'),
(160161, 7, 11, 'Anthony Martial', 'FD', '1995-12-05', 20, 'Man. United'),
(160162, 8, 12, 'Bernd Leno', 'GK', '1992-03-04', 24, 'Leverkusen'),
(160163, 8, 1, 'Manuel Neuer', 'GK', '1986-03-27', 30, 'Bayern'),
(160164, 8, 22, 'Marc-Andre ter Stegen', 'GK', '1992-04-30', 24, 'Barcelona'),
(160165, 8, 17, 'Jerome Boateng', 'DF', '1988-09-03', 27, 'Bayern'),
(160166, 8, 3, 'Jonas Hector', 'DF', '1990-05-27', 26, 'Koln'),
(160167, 8, 4, 'Benedikt Howedes', 'DF', '1988-02-29', 28, 'Schalke'),
(160168, 8, 5, 'Mats Hummels', 'DF', '1988-12-16', 27, 'Dortmund'),
(160169, 8, 21, 'Joshua Kimmich', 'DF', '1995-02-08', 21, 'Bayern'),
(160170, 8, 2, 'Shkodran Mustafi', 'DF', '1992-04-17', 24, 'Valencia'),
(160171, 8, 16, 'Jonathan Tah', 'DF', '1996-02-11', 20, 'Leverkusen'),
(160172, 8, 14, 'Emre Can', 'MF', '1994-01-12', 22, 'Liverpool'),
(160173, 8, 11, 'Julian Draxler', 'MF', '1993-09-20', 22, 'Wolfsburg'),
(160174, 8, 19, 'Mario Gotze', 'MF', '1992-06-03', 24, 'Bayern'),
(160175, 8, 6, 'Sami Khedira', 'MF', '1987-04-04', 29, 'Juventus'),
(160176, 8, 18, 'Toni Kroos', 'MF', '1990-01-04', 26, 'Real Madrid'),
(160177, 8, 8, 'Mesut ozil', 'MF', '1988-10-15', 27, 'Arsenal'),
(160178, 8, 20, 'Leroy Sane', 'MF', '1996-01-11', 20, 'Schalke'),
(160179, 8, 9, 'Andre Schurrle', 'MF', '1990-11-06', 25, 'Wolfsburg'),
(160180, 8, 7, 'Bastian Schweinsteiger', 'MF', '1984-08-01', 31, 'Man. United'),
(160181, 8, 15, 'Julian Weigl', 'MF', '1995-09-08', 20, 'Dortmund'),
(160182, 8, 23, 'Mario Gomez', 'FD', '1985-07-10', 30, 'Besiktas'),
(160183, 8, 13, 'Thomas Muller', 'FD', '1989-09-13', 26, 'Bayern'),
(160184, 8, 10, 'Lukas Podolski', 'FD', '1985-06-04', 31, 'Galatasaray'),
(160185, 9, 12, 'Denes Dibusz', 'GK', '1990-11-16', 25, 'Ferencvaros'),
(160186, 9, 22, 'Peter Gulacsi', 'GK', '1990-05-06', 26, 'Leipzig'),
(160187, 9, 1, 'Gabor Kiraly', 'GK', '1976-04-01', 40, 'Haladas'),
(160188, 9, 21, 'Barnabas Bese', 'DF', '1994-05-06', 22, 'MTK'),
(160189, 9, 5, 'Attila Fiola', 'DF', '1990-02-17', 26, 'Puskas Akademia'),
(160190, 9, 20, 'Richard Guzmics', 'DF', '1987-04-16', 29, 'Wisla'),
(160191, 9, 23, 'Roland Juhasz', 'DF', '1983-07-01', 32, 'Videoton'),
(160192, 9, 4, 'Tamas Kadar', 'DF', '1990-03-14', 26, 'Lech'),
(160193, 9, 3, 'Mihaly Korhut', 'DF', '1988-12-01', 27, 'Debrecen'),
(160194, 9, 2, 'Adam Lang', 'DF', '1993-01-17', 23, 'Videoton'),
(160195, 9, 16, 'adam Pinter', 'DF', '1988-06-12', 28, 'Ferencvaros'),
(160196, 9, 6, 'Akos Elek', 'MF', '1988-07-21', 27, 'Diosgyor'),
(160197, 9, 15, 'Laszlo Kleinheisler', 'MF', '1994-04-08', 22, 'Bremen'),
(160198, 9, 14, 'Gergo Lovrencsics', 'MF', '1988-09-01', 27, 'Lech'),
(160199, 9, 8, 'Adam Nagy', 'MF', '1995-06-17', 21, 'Ferencvaros'),
(160200, 9, 18, 'Zoltan Stieber', 'MF', '1988-10-16', 27, 'Nurnberg'),
(160201, 9, 13, 'Daniel Bode', 'FD', '1986-10-24', 29, 'Ferencvaros'),
(160202, 9, 7, 'Balazs Dzsudzsak', 'FD', '1986-12-23', 29, 'Bursaspor'),
(160203, 9, 10, 'Zoltan Gera', 'FD', '1979-04-22', 37, 'Ferencvaros'),
(160204, 9, 11, 'Krisztian Nemeth', 'FD', '1989-01-05', 27, 'Al-Gharafa'),
(160205, 9, 17, 'Nemanja Nikolic', 'FD', '1987-12-31', 28, 'Legia'),
(160206, 9, 19, 'Tamas Priskin', 'FD', '1986-09-27', 29, 'Slovan Bratislava'),
(160207, 9, 9, 'Adam Szalai', 'FD', '1987-12-09', 28, 'Hannover'),
(160208, 10, 1, 'Hannes Halldorsson', 'GK', '1984-04-27', 32, 'Bodo/Glimt'),
(160209, 10, 13, 'Ingvar Jonsson', 'GK', '1989-10-18', 26, 'Sandefjord'),
(160210, 10, 12, 'Ogmundur Kristinsson', 'GK', '1989-06-19', 26, 'Hammarby'),
(160211, 10, 18, 'Elmar Bjarnason', 'DF', '1987-03-04', 29, 'AGF'),
(160212, 10, 3, 'Haukur Heidar Hauksson', 'DF', '1991-09-01', 24, 'AIK'),
(160213, 10, 4, 'Hjortur Hermannsson', 'DF', '1995-02-08', 21, 'Goteborg'),
(160214, 10, 5, 'Sverrir Ingason', 'DF', '1993-08-05', 22, 'Lokeren'),
(160215, 10, 19, 'Hordur Magnusson', 'DF', '1993-02-11', 23, 'Cesena'),
(160216, 10, 2, 'Birkir Saevarsson', 'DF', '1984-11-11', 31, 'Hammarby'),
(160217, 10, 6, 'Ragnar Sigurdsson', 'DF', '1986-06-19', 29, 'Krasnodar'),
(160218, 10, 23, 'Ari Skulason', 'DF', '1987-05-14', 29, 'OB'),
(160219, 10, 21, 'Arnor Ingvi Traustason', 'DF', '1993-04-30', 23, 'Norrkoping'),
(160220, 10, 14, 'Kari Arnason', 'MF', '1982-10-13', 33, 'Malmo'),
(160221, 10, 8, 'Birkir Bjarnason', 'MF', '1988-05-27', 28, 'Basel'),
(160222, 10, 17, 'Aron Gunnarsson', 'MF', '1989-04-22', 27, 'Cardiff'),
(160223, 10, 20, 'Emil Hallfredsson', 'MF', '1984-06-29', 31, 'Udinese'),
(160224, 10, 10, 'Gylfi Sigurdsson', 'MF', '1989-09-08', 26, 'Swansea'),
(160225, 10, 16, 'Runar Mar Sigurjonsson', 'MF', '1990-06-18', 26, 'Sundsvall'),
(160226, 10, 15, 'Jon Dadi Bodvarsson', 'FD', '1992-05-25', 24, 'Kaiserslautern'),
(160227, 10, 11, 'Alfred Finnbogason', 'FD', '1989-02-01', 27, 'Augsburg'),
(160228, 10, 22, 'Eidur Gudjohnsen', 'FD', '1978-09-15', 37, 'Molde'),
(160229, 10, 7, 'Johann Gudmundsson', 'FD', '1990-10-27', 25, 'Charlton'),
(160230, 10, 9, 'Kolbeinn Sigthorsson', 'FD', '1990-03-14', 26, 'Nantes'),
(160231, 11, 1, 'Gianluigi Buffon', 'GK', '1978-01-28', 38, 'Juventus'),
(160232, 11, 13, 'Federico Marchetti', 'GK', '1983-02-07', 33, 'Lazio'),
(160233, 11, 12, 'Salvatore Sirigu', 'GK', '1987-01-12', 29, 'Paris'),
(160234, 11, 15, 'Andrea Barzagli', 'DF', '1981-05-08', 35, 'Juventus'),
(160235, 11, 19, 'Leonardo Bonucci', 'DF', '1987-05-01', 29, 'Juventus'),
(160236, 11, 3, 'Giorgio Chiellini', 'DF', '1984-08-14', 31, 'Juventus'),
(160237, 11, 4, 'Matteo Darmian', 'DF', '1989-12-02', 26, 'Man. United'),
(160238, 11, 2, 'Mattia De Sciglio', 'DF', '1992-10-20', 23, 'Milan'),
(160239, 11, 5, 'Angelo Ogbonna', 'DF', '1988-05-23', 28, 'West Ham'),
(160240, 11, 21, 'Federico Bernardeschi', 'MF', '1994-02-16', 22, 'Fiorentina'),
(160241, 11, 6, 'Antonio Candreva', 'MF', '1987-02-28', 29, 'Lazio'),
(160242, 11, 16, 'Daniele De Rossi', 'MF', '1983-07-24', 32, 'Roma'),
(160243, 11, 8, 'Alessandro Florenzi', 'MF', '1991-03-11', 25, 'Roma'),
(160244, 11, 23, 'Emanuele Giaccherini', 'MF', '1985-05-05', 31, 'Bologna'),
(160245, 11, 10, 'Thiago Motta', 'MF', '1982-08-28', 33, 'Paris'),
(160246, 11, 18, 'Marco Parolo', 'MF', '1985-01-25', 31, 'Lazio'),
(160247, 11, 14, 'Stefano Sturaro', 'MF', '1993-03-09', 23, 'Juventus'),
(160248, 11, 17, 'Eder', 'FD', '1986-11-15', 29, 'Internazionale'),
(160249, 11, 22, 'Stephan El Shaarawy', 'FD', '1992-10-27', 23, 'Roma'),
(160250, 11, 11, 'Ciro Immobile', 'FD', '1990-02-20', 26, 'Torino'),
(160251, 11, 20, 'Lorenzo Insigne', 'FD', '1991-06-04', 25, 'Napoli'),
(160252, 11, 9, 'Graziano Pelle', 'FD', '1985-07-15', 30, 'Southampton'),
(160253, 11, 7, 'Simone Zaza', 'FD', '1991-06-25', 24, 'Juventus'),
(160254, 12, 12, 'Roy Carroll', 'GK', '1977-09-30', 38, 'Notts County'),
(160255, 12, 23, 'Alan Mannus', 'GK', '1982-05-19', 34, 'St Johnstone'),
(160256, 12, 1, 'Michael McGovern', 'GK', '1984-07-12', 31, 'Hamilton'),
(160257, 12, 6, 'Chris Baird', 'DF', '1982-02-25', 34, 'Fulham'),
(160258, 12, 20, 'Craig Cathcart', 'DF', '1989-02-06', 27, 'Watford'),
(160259, 12, 5, 'Jonny Evans', 'DF', '1988-01-03', 28, 'West Brom'),
(160260, 12, 22, 'Lee Hodson', 'DF', '1991-10-02', 24, 'MK Dons'),
(160261, 12, 18, 'Aaron Hughes', 'DF', '1979-11-08', 36, 'Melbourne City'),
(160262, 12, 4, 'Gareth McAuley', 'DF', '1979-12-05', 36, 'West Brom'),
(160263, 12, 15, 'Luke McCullough', 'DF', '1994-02-15', 22, 'Doncaster'),
(160264, 12, 2, 'Conor McLaughlin', 'DF', '1991-07-26', 24, 'Fleetwood'),
(160265, 12, 17, 'Paddy McNair', 'DF', '1995-04-27', 21, 'Man. United'),
(160266, 12, 14, 'Stuart Dallas', 'MF', '1991-04-19', 25, 'Leeds'),
(160267, 12, 8, 'Steven Davis', 'MF', '1985-01-01', 31, 'Southampton'),
(160268, 12, 13, 'Corry Evans', 'MF', '1990-07-30', 25, 'Blackburn'),
(160269, 12, 3, 'Shane Ferguson', 'MF', '1991-07-12', 24, 'Millwall'),
(160270, 12, 21, 'Josh Magennis', 'MF', '1990-08-15', 25, 'Kilmarnock'),
(160271, 12, 16, 'Oliver Norwood', 'MF', '1991-04-12', 25, 'Reading'),
(160272, 12, 19, 'Jamie Ward', 'MF', '1986-05-12', 30, 'Nottm Forest'),
(160273, 12, 9, 'Will Grigg', 'FD', '1991-07-03', 24, 'Wigan'),
(160274, 12, 10, 'Kyle Lafferty', 'FD', '1987-09-16', 28, 'Birmingham'),
(160275, 12, 7, 'Niall McGinn', 'FD', '1987-07-20', 28, 'Aberdeen'),
(160276, 12, 11, 'Conor Washington', 'FD', '1992-05-18', 24, 'QPR'),
(160277, 13, 12, 'Artur Boruc', 'GK', '1980-02-20', 36, 'Bournemouth'),
(160278, 13, 22, 'Lukasz Fabianski', 'GK', '1985-04-18', 31, 'Swansea'),
(160279, 13, 1, 'Wojciech Szczesny', 'GK', '1990-04-18', 26, 'Roma'),
(160280, 13, 4, 'Thiago Cionek', 'DF', '1986-04-21', 30, 'Palermo'),
(160281, 13, 15, 'Kamil Glik', 'DF', '1988-02-03', 28, 'Torino'),
(160282, 13, 3, 'Artur Jedrzejczyk', 'DF', '1987-11-04', 28, 'Legia'),
(160283, 13, 2, 'Michal Pazdan', 'DF', '1987-09-21', 28, 'Legia'),
(160284, 13, 20, 'Lukasz Piszczek', 'DF', '1985-06-03', 31, 'Dortmund'),
(160285, 13, 18, 'Bartosz Salamon', 'DF', '1991-05-01', 25, 'Cagliari'),
(160286, 13, 14, 'Jakub Wawrzyniak', 'DF', '1983-07-07', 32, 'Lechia'),
(160287, 13, 16, 'Jakub Blaszczykowski', 'MF', '1985-12-14', 30, 'Fiorentina'),
(160288, 13, 11, 'Kamil Grosicki', 'MF', '1988-06-08', 28, 'Rennes'),
(160289, 13, 6, 'Tomasz Jodlowiec', 'MF', '1985-09-08', 30, 'Legia'),
(160290, 13, 21, 'Bartosz Kapustka', 'MF', '1996-12-23', 19, ''),
(160291, 13, 10, 'Grzegorz Krychowiak', 'MF', '1990-01-29', 26, 'Sevilla'),
(160292, 13, 8, 'Karol Linetty', 'MF', '1995-02-02', 21, 'Lech'),
(160293, 13, 5, 'Krzysztof Maczynski', 'MF', '1987-05-23', 29, 'Wisla'),
(160294, 13, 17, 'Slawomir Peszko', 'MF', '1985-02-19', 31, 'Lechia'),
(160295, 13, 23, 'Filip Starzynski', 'MF', '1991-05-27', 25, 'Zaglebie'),
(160296, 13, 19, 'Piotr Zielinski', 'MF', '1994-05-20', 22, 'Empoli'),
(160297, 13, 9, 'Robert Lewandowski', 'FD', '1988-08-21', 27, 'Bayern'),
(160298, 13, 7, 'Arkadiusz Milik', 'FD', '1994-02-28', 22, 'Ajax'),
(160299, 13, 13, 'Mariusz Stepinski', 'FD', '1995-05-12', 21, 'Ruch'),
(160300, 14, 22, 'Eduardo', 'GK', '1982-09-19', 33, 'Dinamo Zagreb'),
(160301, 14, 12, 'Anthony Lopes', 'GK', '1990-10-01', 25, 'Lyon'),
(160302, 14, 1, 'Rui Patricio', 'GK', '1988-02-15', 28, 'Sporting CP'),
(160303, 14, 2, 'Bruno Alves', 'DF', '1981-11-27', 34, 'Fenerbahce'),
(160304, 14, 21, 'Cedric', 'DF', '1991-08-31', 24, 'Southampton'),
(160305, 14, 19, 'Eliseu', 'DF', '1983-10-01', 32, 'Benfica'),
(160306, 14, 4, 'Jose Fonte', 'DF', '1983-12-22', 32, 'Southampton'),
(160307, 14, 3, 'Pepe', 'DF', '1983-02-26', 33, 'Real Madrid'),
(160308, 14, 5, 'Raphael Guerreiro', 'DF', '1993-12-22', 22, 'Lorient'),
(160309, 14, 6, 'Ricardo Carvalho', 'DF', '1978-05-18', 38, 'Monaco'),
(160310, 14, 23, 'Adrien Silva', 'MF', '1989-03-15', 27, 'Sporting CP'),
(160311, 14, 15, 'Andre Gomes', 'MF', '1993-07-30', 22, 'Valencia'),
(160312, 14, 13, 'Danilo', 'MF', '1991-09-09', 24, 'Porto'),
(160313, 14, 10, 'Joao Mario', 'MF', '1993-01-19', 23, 'Sporting CP'),
(160314, 14, 8, 'Joao Moutinho', 'MF', '1986-09-08', 29, 'Monaco'),
(160315, 14, 18, 'Rafa Silva', 'MF', '1993-05-17', 23, 'Braga'),
(160316, 14, 16, 'Renato Sanches', 'MF', '1997-08-18', 18, 'Benfica'),
(160317, 14, 11, 'Vieirinha', 'MF', '1986-01-24', 30, 'Wolfsburg'),
(160318, 14, 14, 'William Carvalho', 'MF', '1992-04-07', 24, 'Sporting CP'),
(160319, 14, 9, 'Eder', 'FD', '1987-12-22', 28, 'LOSC'),
(160320, 14, 17, 'Nani', 'FD', '1986-11-17', 29, 'Fenerbahce'),
(160321, 14, 20, 'Ricardo Quaresma', 'FD', '1983-09-26', 32, 'Besiktas'),
(160322, 14, 7, 'Cristiano Ronaldo', 'FD', '1985-02-05', 31, 'Real Madrid'),
(160323, 15, 16, 'Shay Given', 'GK', '1976-04-20', 40, 'Stoke'),
(160324, 15, 23, 'Darren Randolph', 'GK', '1987-05-12', 29, 'West Ham'),
(160325, 15, 1, 'Keiren Westwood', 'GK', '1984-10-23', 31, 'Sheff. Wednesday'),
(160326, 15, 15, 'Cyrus Christie', 'DF', '1992-09-30', 23, 'Derby'),
(160327, 15, 3, 'Ciaran Clark', 'DF', '1989-09-26', 26, 'Aston Villa'),
(160328, 15, 2, 'Seamus Coleman', 'DF', '1988-10-11', 27, 'Everton'),
(160329, 15, 12, 'Shane Duffy', 'DF', '1992-01-01', 24, 'Blackburn'),
(160330, 15, 5, 'Richard Keogh', 'DF', '1986-08-11', 29, 'Derby'),
(160331, 15, 4, 'John OShea', 'DF', '1981-04-30', 35, 'Sunderland'),
(160332, 15, 17, 'Stephen Ward', 'DF', '1985-08-20', 30, 'Burnley'),
(160333, 15, 19, 'Robbie Brady', 'MF', '1992-01-14', 24, 'Norwich'),
(160334, 15, 13, 'Jeff Hendrick', 'MF', '1992-01-31', 24, 'Derby'),
(160335, 15, 20, 'Wes Hoolahan', 'MF', '1982-05-20', 34, 'Norwich'),
(160336, 15, 8, 'James McCarthy', 'MF', '1990-11-12', 25, 'Everton'),
(160337, 15, 11, 'James McClean', 'MF', '1989-04-22', 27, 'West Brom'),
(160338, 15, 7, 'Aiden McGeady', 'MF', '1986-04-04', 30, 'Sheff. Wednesday'),
(160339, 15, 18, 'David Meyler', 'MF', '1989-05-29', 27, 'Hull'),
(160340, 15, 22, 'Stephen Quinn', 'MF', '1986-04-01', 30, 'Reading'),
(160341, 15, 6, 'Glenn Whelan', 'MF', '1984-01-13', 32, 'Stoke'),
(160342, 15, 10, 'Robbie Keane', 'FD', '1980-07-08', 35, 'LA Galaxy'),
(160343, 15, 9, 'Shane Long', 'FD', '1987-01-22', 29, 'Southampton'),
(160344, 15, 21, 'Daryl Murphy', 'FD', '1983-03-15', 33, 'Ipswich'),
(160345, 15, 14, 'Jon Walters', 'FD', '1983-09-20', 32, 'Stoke'),
(160346, 16, 23, 'Silviu Lung', 'GK', '1989-06-04', 27, 'Astra'),
(160347, 16, 1, 'Costel Pantilimon', 'GK', '1987-02-01', 29, 'Watford'),
(160348, 16, 12, 'Ciprian Tatarusanu', 'GK', '1986-02-09', 30, 'Fiorentina'),
(160349, 16, 6, 'Vlad Chiriches', 'DF', '1989-11-14', 26, 'Napoli'),
(160350, 16, 16, 'Steliano Filip', 'DF', '1994-05-15', 22, 'Dinamo Bucuresti'),
(160351, 16, 15, 'Valerica Gaman', 'DF', '1989-02-25', 27, 'Astra'),
(160352, 16, 21, 'Dragos Grigore', 'DF', '1986-09-07', 29, 'Al-Sailiya'),
(160353, 16, 2, 'Alexandru Matel', 'DF', '1989-10-17', 26, 'Dinamo Zagreb'),
(160354, 16, 4, 'Cosmin Moti', 'DF', '1984-12-03', 31, 'Ludogorets'),
(160355, 16, 3, 'Razvan Rat', 'DF', '1981-05-26', 35, 'Rayo Vallecano'),
(160356, 16, 22, 'Cristian Sapunaru', 'DF', '1984-04-05', 32, 'Pandurii'),
(160357, 16, 7, 'Alexandru Chipciu', 'MF', '1989-05-18', 27, 'Steaua'),
(160358, 16, 5, 'Ovidiu Hoban', 'MF', '1982-12-27', 33, 'H. Beer-Sheva'),
(160359, 16, 8, 'Mihai Pintilii', 'MF', '1984-11-09', 31, 'Steaua'),
(160360, 16, 20, 'Adrian Popa', 'MF', '1988-07-24', 27, 'Steaua'),
(160361, 16, 18, 'Andrei Prepelita', 'MF', '1985-12-08', 30, 'Ludogorets'),
(160362, 16, 17, 'Lucian Sanmartean', 'MF', '1980-03-13', 36, 'Al-Ittihad'),
(160363, 16, 10, 'Nicolae Stanciu', 'MF', '1993-05-07', 23, 'Steaua'),
(160364, 16, 11, 'Gabriel Torje', 'MF', '1989-11-22', 26, 'Osmanlispor'),
(160365, 16, 9, 'Denis Alibec', 'FD', '1991-01-05', 25, 'Astra'),
(160366, 16, 14, 'Florin Andone', 'FD', '1993-04-11', 23, 'Cordoba'),
(160367, 16, 13, 'Claudiu Keeru', 'FD', '1986-12-02', 29, 'Ludogorets'),
(160368, 16, 19, 'Bogdan Stancu', 'FD', '1987-06-28', 28, 'Genclerbirligi'),
(160369, 17, 1, 'Igor Akinfeev', 'GK', '1986-04-08', 30, 'CSKA Moskva'),
(160370, 17, 16, 'Guilherme', 'GK', '1985-12-12', 30, 'Lokomotiv Moskva'),
(160371, 17, 12, 'Yuri Lodygin', 'GK', '1990-05-26', 26, 'Zenit'),
(160372, 17, 6, 'Aleksei Berezutski', 'DF', '1982-06-20', 33, 'CSKA Moskva'),
(160373, 17, 14, 'Vasili Berezutski', 'DF', '1982-06-20', 33, 'CSKA Moskva'),
(160374, 17, 4, 'Sergei Ignashevich', 'DF', '1979-07-14', 36, 'CSKA Moskva'),
(160375, 17, 23, 'Dmitri Kombarov', 'DF', '1987-01-22', 29, 'Spartak Moskva'),
(160376, 17, 5, 'Roman Neustadter', 'DF', '1988-02-18', 28, 'Schalke'),
(160377, 17, 21, 'Georgi Schennikov', 'DF', '1991-04-27', 25, 'CSKA Moskva'),
(160378, 17, 2, 'Roman Shishkin', 'DF', '1987-01-27', 29, 'Lokomotiv Moskva'),
(160379, 17, 3, 'Igor Smolnikov', 'DF', '1988-08-08', 27, 'Zenit'),
(160380, 17, 8, 'Denis Glushakov', 'MF', '1987-01-27', 29, 'Spartak Moskva'),
(160381, 17, 13, 'Aleksandr Golovin', 'MF', '1996-05-30', 20, 'CSKA Moskva'),
(160382, 17, 18, 'Oleg Ivanov', 'MF', '1986-08-04', 29, 'Terek'),
(160383, 17, 11, 'Pavel Mamaev', 'MF', '1988-09-17', 27, 'Krasnodar'),
(160384, 17, 19, 'Aleksandr Samedov', 'MF', '1984-07-19', 31, 'Lokomotiv Moskva'),
(160385, 17, 17, 'Oleg Shatov', 'MF', '1990-07-29', 25, 'Zenit'),
(160386, 17, 15, 'Roman Shirokov', 'MF', '1981-07-06', 34, 'CSKA Moskva'),
(160387, 17, 20, 'Dmitri Torbinski', 'MF', '1984-04-28', 32, 'Krasnodar'),
(160388, 17, 7, 'Artur Yusupov', 'MF', '1989-09-01', 26, 'Zenit'),
(160389, 17, 22, 'Artem Dzyuba', 'FD', '1988-08-22', 27, 'Zenit'),
(160390, 17, 9, 'Aleksandr Kokorin', 'FD', '1991-03-19', 25, 'Zenit'),
(160391, 17, 10, 'Fedor Smolov', 'FD', '1990-02-09', 26, 'Krasnodar'),
(160392, 18, 23, 'MatusKozacik', 'GK', '1983-12-27', 32, 'Plzen'),
(160393, 18, 1, 'Jan Mucha', 'GK', '1982-12-05', 33, 'Slovan Bratislava'),
(160394, 18, 12, 'Jan Novota', 'GK', '1983-11-29', 32, 'Rapid Wien'),
(160395, 18, 4, 'Jan Durica', 'DF', '1981-12-10', 34, 'Lokomotiv Moskva'),
(160396, 18, 5, 'Norbert Gyomber', 'DF', '1992-07-03', 23, 'Roma'),
(160397, 18, 15, 'TomasHubocan', 'DF', '1985-09-17', 30, 'Dinamo Moskva'),
(160398, 18, 2, 'Peter Pekarik', 'DF', '1986-10-30', 29, 'Hertha'),
(160399, 18, 16, 'Kornel Salata', 'DF', '1985-01-24', 31, 'Slovan Bratislava'),
(160400, 18, 14, 'Milan Skriniar', 'DF', '1995-02-11', 21, 'Sampdoria'),
(160401, 18, 3, 'Martin Skrtel', 'DF', '1984-12-15', 31, 'Liverpool'),
(160402, 18, 18, 'Dusan Svento', 'DF', '1985-08-01', 30, 'Koln'),
(160403, 18, 8, 'Ondrej Duda', 'MF', '1994-12-05', 21, 'Legia'),
(160404, 18, 6, 'Jan Gregus', 'MF', '1991-01-29', 25, 'Jablonec'),
(160405, 18, 17, 'Marek Hamsik', 'MF', '1987-07-27', 28, 'Napoli'),
(160406, 18, 13, 'Patrik HroSovsky', 'MF', '1992-04-22', 24, 'Plzen'),
(160407, 18, 19, 'Juraj Kucka', 'MF', '1987-02-26', 29, 'Milan'),
(160408, 18, 20, 'Robert Mak', 'MF', '1991-03-08', 25, 'PAOK'),
(160409, 18, 22, 'Viktor Pecovsky', 'MF', '1983-05-24', 33, 'zilina'),
(160410, 18, 10, 'Miroslav Stoch', 'MF', '1989-10-19', 26, 'Bursaspor'),
(160411, 18, 7, 'Vladimir Weiss', 'MF', '1989-11-30', 26, 'Al-Gharafa'),
(160412, 18, 21, 'Michal Duris', 'FD', '1988-06-01', 28, 'Plzen'),
(160413, 18, 11, 'Adam Nemec', 'FD', '1985-09-02', 30, 'Willem II'),
(160414, 18, 9, 'Stanislav Sestak', 'FD', '1982-12-16', 33, 'Ferencvaros'),
(160415, 19, 1, 'Lker Casillas', 'GK', '1981-05-20', 35, 'Porto'),
(160416, 19, 13, 'David de Gea', 'GK', '1990-11-07', 25, 'Man. United'),
(160417, 19, 23, 'Sergio Rico', 'GK', '1993-09-01', 22, 'Sevilla'),
(160418, 19, 2, 'Cesar Azpilicueta', 'DF', '1989-08-28', 26, 'Chelsea'),
(160419, 19, 4, 'Marc Bartra', 'DF', '1991-01-15', 25, 'Barcelona'),
(160420, 19, 12, 'Hector Bellerin', 'DF', '1995-03-19', 21, 'Arsenal'),
(160421, 19, 18, 'Jordi Alba', 'DF', '1989-03-21', 27, 'Barcelona'),
(160422, 19, 16, 'Juanfran', 'DF', '1985-01-09', 31, 'Atletico'),
(160423, 19, 3, 'Gerard Pique', 'DF', '1987-02-02', 29, 'Barcelona'),
(160424, 19, 15, 'Sergio Ramos', 'DF', '1986-03-30', 30, 'Real Madrid'),
(160425, 19, 17, 'Mikel San Jose', 'DF', '1989-05-30', 27, 'Athletic'),
(160426, 19, 19, 'Bruno Soriano', 'MF', '1984-06-12', 32, 'Villarreal'),
(160427, 19, 5, 'Sergio Busquets', 'MF', '1988-07-16', 27, 'Barcelona'),
(160428, 19, 10, 'Cesc Fabregas', 'MF', '1987-05-04', 29, 'Chelsea'),
(160429, 19, 6, 'Andres Iniesta', 'MF', '1984-05-11', 32, 'Barcelona'),
(160430, 19, 8, 'Koke', 'MF', '1992-01-08', 24, 'Atletico'),
(160431, 19, 21, 'David Silva', 'MF', '1986-01-08', 30, 'Man. City'),
(160432, 19, 14, 'Thiago Alcantara', 'MF', '1991-04-11', 25, 'Bayern'),
(160433, 19, 20, 'Aritz Aduriz', 'FD', '1981-02-11', 35, 'Athletic'),
(160434, 19, 9, 'Lucas Vazquez', 'FD', '1991-07-01', 24, 'Real Madrid'),
(160435, 19, 7, 'Alvaro Morata', 'FD', '1992-10-23', 23, 'Juventus'),
(160436, 19, 22, 'Nolito', 'FD', '1986-10-15', 29, 'Celta'),
(160437, 19, 11, 'Pedro Rodriguez', 'FD', '1987-07-28', 28, 'Chelsea'),
(160438, 20, 23, 'Patrik Carlgren', 'GK', '1992-01-08', 24, 'AIK'),
(160439, 20, 1, 'Andreas Isaksson', 'GK', '1981-10-03', 34, 'Kasimpasa'),
(160440, 20, 12, 'Robin Olsen', 'GK', '1990-01-08', 26, 'Kobenhavn'),
(160441, 20, 17, 'Ludwig Augustinsson', 'DF', '1994-04-21', 22, 'Kobenhavn'),
(160442, 20, 4, 'Andreas Granqvist', 'DF', '1985-04-16', 31, 'Krasnodar'),
(160443, 20, 13, 'Pontus Jansson', 'DF', '1991-02-13', 25, 'Torino'),
(160444, 20, 3, 'Erik Johansson', 'DF', '1988-12-30', 27, 'Kobenhavn'),
(160445, 20, 14, 'Victor Lindelof', 'DF', '1994-07-17', 21, 'Benfica'),
(160446, 20, 2, 'Mikael Lustig', 'DF', '1986-12-13', 29, 'Celtic'),
(160447, 20, 5, 'Martin Olsson', 'DF', '1988-05-17', 28, 'Norwich'),
(160448, 20, 21, 'Jimmy Durmaz', 'MF', '1989-03-22', 27, 'Olympiacos'),
(160449, 20, 8, 'Albin Ekdal', 'MF', '1989-07-28', 26, 'Hamburg'),
(160450, 20, 22, 'Erkan Zengin', 'MF', '1985-08-05', 30, 'Trabzonspor'),
(160451, 20, 6, 'Emil Forsberg', 'MF', '1991-10-23', 24, 'Leipzig'),
(160452, 20, 15, 'Oscar Hiljemark', 'MF', '1992-06-28', 23, 'Palermo'),
(160453, 20, 9, 'Kim Kallstrom', 'MF', '1982-08-24', 33, 'Grasshoppers'),
(160454, 20, 7, 'Sebastian Larsson', 'MF', '1985-06-06', 31, 'Sunderland'),
(160455, 20, 18, 'Oscar Lewicki', 'MF', '1992-07-14', 23, 'Malmo'),
(160456, 20, 16, 'Pontus Wernbloom', 'MF', '1986-06-25', 29, 'CSKA Moskva'),
(160457, 20, 11, 'Marcus Berg', 'FD', '1986-08-17', 29, 'Panathinaikos'),
(160458, 20, 20, 'John Guidetti', 'FD', '1992-04-15', 24, 'Celta'),
(160459, 20, 10, 'Zlatan Ibrahimovic', 'FD', '1981-10-03', 34, 'Paris'),
(160460, 20, 19, 'Emir Kujovic', 'FD', '1988-06-22', 27, 'Norrkoping'),
(160461, 21, 21, 'Roman Burki', 'GK', '1990-11-14', 25, 'Dortmund'),
(160462, 21, 12, 'Marwin Hitz', 'GK', '1987-09-18', 28, 'Augsburg'),
(160463, 21, 1, 'Yann Sommer', 'GK', '1988-12-17', 27, 'Monchengladbach'),
(160464, 21, 20, 'Johan Djourou', 'DF', '1987-01-18', 29, 'Hamburg'),
(160465, 21, 4, 'Nico Elvedi', 'DF', '1996-09-30', 19, 'Monchengladbach'),
(160466, 21, 6, 'Michael Lang', 'DF', '1991-02-08', 25, 'Basel'),
(160467, 21, 2, 'Stephan Lichtsteiner', 'DF', '1984-01-16', 32, 'Juventus'),
(160468, 21, 3, 'Francois Moubandje', 'DF', '1990-06-21', 25, 'Toulouse'),
(160469, 21, 13, 'Ricardo Rodriguez', 'DF', '1992-08-25', 23, 'Wolfsburg'),
(160470, 21, 22, 'Fabian Schar', 'DF', '1991-12-20', 24, 'Hoffenheim'),
(160471, 21, 5, 'Steve von Bergen', 'DF', '1983-06-10', 33, 'Young Boys'),
(160472, 21, 11, 'Valon Behrami', 'MF', '1985-04-19', 31, 'Watford'),
(160473, 21, 15, 'Blerim Dzemaili', 'MF', '1986-04-12', 30, 'Genoa'),
(160474, 21, 16, 'Gelson Fernandes', 'MF', '1986-09-02', 29, 'Rennes'),
(160475, 21, 8, 'Fabian Frei', 'MF', '1989-01-08', 27, 'Mainz'),
(160476, 21, 23, 'Xherdan Shaqiri', 'MF', '1991-10-10', 24, 'Stoke'),
(160477, 21, 10, 'Granit Xhaka', 'MF', '1992-09-27', 23, 'Monchengladbach'),
(160478, 21, 14, 'Denis Zakaria', 'MF', '1996-11-20', 19, 'Young Boys'),
(160479, 21, 19, 'Eren Derdiyok', 'FD', '1988-06-12', 28, 'Kasimpasa'),
(160480, 21, 7, 'Breel Embolo', 'FD', '1997-02-14', 19, 'Basel'),
(160481, 21, 18, 'Admir Mehmedi', 'FD', '1991-03-16', 25, 'Leverkusen'),
(160482, 21, 9, 'Haris Seferovic', 'FD', '1992-02-22', 24, 'Frankfurt'),
(160483, 21, 17, 'Shani Tarashaj', 'FD', '1995-02-07', 21, 'Grasshoppers'),
(160484, 22, 23, 'Harun Tekin', 'GK', '1989-06-17', 27, 'Bursaspor'),
(160485, 22, 12, 'Onur Kivrak', 'GK', '1988-01-01', 28, 'Trabzonspor'),
(160486, 22, 1, 'Volkan Babacan', 'GK', '1988-08-11', 27, 'Istanbul Basaksehir'),
(160487, 22, 4, 'Ahmet Calik', 'DF', '1994-02-26', 22, 'Genclerbirligi'),
(160488, 22, 18, 'Caner Erkin', 'DF', '1988-10-04', 27, 'Fenerbahce'),
(160489, 22, 7, 'Gokhan Gonul', 'DF', '1985-01-04', 31, 'Fenerbahce'),
(160490, 22, 3, 'Hakan Balta', 'DF', '1983-03-23', 33, 'Galatasaray'),
(160491, 22, 13, 'Ismail Koybasi', 'DF', '1989-07-10', 26, 'Besiktas'),
(160492, 22, 2, 'Semih Kaya', 'DF', '1991-02-24', 25, 'Galatasaray'),
(160493, 22, 22, 'Sener Ozbayrakli', 'DF', '1990-01-23', 26, 'Fenerbahce'),
(160494, 22, 10, 'Arda Turan', 'MF', '1987-01-30', 29, 'Barcelona'),
(160495, 22, 6, 'Hakan Calhanoglu', 'MF', '1994-02-08', 22, 'Leverkusen'),
(160496, 22, 15, 'Mehmet Topal', 'MF', '1986-03-03', 30, 'Fenerbahce'),
(160497, 22, 5, 'Nuri Sahin', 'MF', '1988-09-05', 27, 'Dortmund'),
(160498, 22, 14, 'Oguzhan Ozyakup', 'MF', '1992-09-23', 23, 'Besiktas'),
(160499, 22, 11, 'Olcay Sahan', 'MF', '1987-05-26', 29, 'Besiktas'),
(160500, 22, 16, 'Ozan Tufan', 'MF', '1995-03-23', 21, 'Fenerbahce'),
(160501, 22, 8, 'Selcuk Inan', 'MF', '1985-02-10', 31, 'Galatasaray'),
(160502, 22, 20, 'Volkan Sen', 'MF', '1987-07-07', 28, 'Fenerbahce'),
(160503, 22, 19, 'Yunus Malli', 'MF', '1992-02-24', 24, 'Mainz'),
(160504, 22, 17, 'Burak Yilmaz', 'FD', '1985-07-15', 30, 'Beijing Guoan'),
(160505, 22, 9, 'Cenk Tosun', 'FD', '1991-06-07', 25, 'Besiktas'),
(160506, 22, 21, 'Emre Mor', 'FD', '1997-07-24', 18, 'Nordsjælland'),
(160507, 23, 1, 'Denys Boyko', 'GK', '1988-01-29', 28, 'Besiktas'),
(160508, 23, 12, 'Andriy Pyatov', 'GK', '1984-06-28', 31, 'Shakhtar Donetsk'),
(160509, 23, 23, 'Mykyta Shevchenko', 'GK', '1993-01-26', 23, 'Zorya'),
(160510, 23, 2, 'Bohdan Butko', 'DF', '1991-01-13', 25, 'Amkar'),
(160511, 23, 17, 'Artem Fedetskiy', 'DF', '1985-04-26', 31, 'Dnipro'),
(160512, 23, 3, 'Yevhen Khacheridi', 'DF', '1987-07-28', 28, 'Dynamo Kyiv'),
(160513, 23, 5, 'Olexandr Kucher', 'DF', '1982-10-22', 33, 'Shakhtar Donetsk'),
(160514, 23, 20, 'Yaroslav Rakitskiy', 'DF', '1989-08-03', 26, 'Shakhtar Donetsk'),
(160515, 23, 13, 'Vyacheslav Shevchuk', 'DF', '1979-05-13', 37, 'Shakhtar Donetsk'),
(160516, 23, 19, 'Denys Garmash', 'MF', '1990-04-19', 26, 'Dynamo Kyiv'),
(160517, 23, 22, 'Olexandr Karavaev', 'MF', '1992-06-02', 24, 'Zorya'),
(160518, 23, 10, 'Yevhen Konoplyanka', 'MF', '1989-09-29', 26, 'Sevilla'),
(160519, 23, 9, 'Viktor Kovalenko', 'MF', '1996-02-14', 20, 'Shakhtar Donetsk'),
(160520, 23, 14, 'Ruslan Rotan', 'MF', '1981-10-29', 34, 'Dnipro'),
(160521, 23, 18, 'Serhiy Rybalka', 'MF', '1990-04-01', 26, 'Dynamo Kyiv'),
(160522, 23, 6, 'Taras Stepanenko', 'MF', '1989-08-08', 26, 'Shakhtar Donetsk'),
(160523, 23, 16, 'Serhiy Sydorchuk', 'MF', '1991-05-02', 25, 'Dynamo Kyiv'),
(160524, 23, 4, 'Anatoliy Tymoshchuk', 'MF', '1979-03-30', 37, 'Kairat'),
(160525, 23, 7, 'Andriy Yarmolenko', 'MF', '1989-10-23', 26, 'Dynamo Kyiv'),
(160526, 23, 21, 'Olexandr Zinchenko', 'MF', '1996-12-15', 19, 'Ufa'),
(160527, 23, 15, 'Pylyp Budkivskiy', 'FD', '1992-03-10', 24, 'Zorya'),
(160528, 23, 11, 'Yevhen Seleznyov', 'FD', '1985-07-20', 30, 'Shakhtar Donetsk'),
(160529, 23, 8, 'Roman Zozulya', 'FD', '1989-11-17', 26, 'Dnipro'),
(160530, 24, 12, 'Owain Fon Williams', 'GK', '1987-03-17', 29, 'Inverness'),
(160531, 24, 1, 'Wayne Hennessey', 'GK', '1987-01-24', 29, 'Crystal Palace'),
(160532, 24, 21, 'Danny Ward', 'GK', '1993-06-22', 22, 'Liverpool'),
(160533, 24, 5, 'James Chester', 'DF', '1989-01-23', 27, 'West Brom'),
(160534, 24, 19, 'James Collins', 'DF', '1983-08-23', 32, 'West Ham'),
(160535, 24, 4, 'Ben Davies', 'DF', '1993-04-24', 23, 'Tottenham'),
(160536, 24, 2, 'Chris Gunter', 'DF', '1989-07-21', 26, 'Reading'),
(160537, 24, 15, 'Jazz Richards', 'DF', '1991-04-12', 25, 'Fulham'),
(160538, 24, 3, 'Neil Taylor', 'DF', '1989-02-07', 27, 'Swansea'),
(160539, 24, 6, 'Ashley Williams', 'DF', '1984-08-23', 31, 'Swansea'),
(160540, 24, 7, 'Joe Allen', 'MF', '1990-03-14', 26, 'Liverpool'),
(160541, 24, 14, 'David Edwards', 'MF', '1986-02-03', 30, 'Wolves'),
(160542, 24, 8, 'Andy King', 'MF', '1988-10-29', 27, 'Leicester'),
(160543, 24, 16, 'Joe Ledley', 'MF', '1987-01-23', 29, 'Crystal Palace'),
(160544, 24, 10, 'Aaron Ramsey', 'MF', '1990-12-26', 25, 'Arsenal'),
(160545, 24, 22, 'David Vaughan', 'MF', '1983-02-18', 33, 'Nottm Forest'),
(160546, 24, 20, 'Jonathan Williams', 'MF', '1993-10-09', 22, 'Crystal Palace'),
(160547, 24, 11, 'Gareth Bale', 'FD', '1989-07-16', 26, 'Real Madrid'),
(160548, 24, 23, 'Simon Church', 'FD', '1988-12-10', 27, 'MK Dons'),
(160549, 24, 17, 'David Cotterill', 'FD', '1987-12-04', 28, 'Birmingham'),
(160550, 24, 9, 'Hal Robson-Kanu', 'FD', '1989-05-21', 27, 'Reading'),
(160551, 24, 18, 'Sam Vokes', 'FD', '1989-10-21', 26, 'Burnley'),
(160552, 24, 13, 'George Williams', 'FD', '1995-09-07', 20, 'Fulham');

-- --------------------------------------------------------

--
-- Структура на таблица `playing_position`
--

CREATE TABLE `playing_position` (
  `position_id` varchar(2) NOT NULL,
  `position_description` varchar(15) DEFAULT NULL
) ENGINE=InnoDB DEFAULT CHARSET=utf8;

--
-- Схема на данните от таблица `playing_position`
--

INSERT INTO `playing_position` (`position_id`, `position_description`) VALUES
('DF', 'Defenders'),
('FD', 'Forwards'),
('GK', 'Goalkeepers'),
('MF', 'Midfielders');

-- --------------------------------------------------------

--
-- Структура на таблица `referee_mast`
--

CREATE TABLE `referee_mast` (
  `referee_id` int(11) NOT NULL,
  `name` varchar(40) DEFAULT NULL,
  `country_id` int(11) DEFAULT NULL
) ENGINE=InnoDB DEFAULT CHARSET=utf8;

--
-- Схема на данните от таблица `referee_mast`
--

INSERT INTO `referee_mast` (`referee_id`, `name`, `country_id`) VALUES
(70001, 'Damir Skomina', 25),
(70002, 'Martin Atkinson', 6),
(70003, 'Felix Brych', 8),
(70004, 'Cuneyt Cakir', 22),
(70005, 'Mark Clattenburg', 6),
(70006, 'Jonas Eriksson', 20),
(70007, 'Viktor Kassai', 9),
(70008, 'Bjorn Kuipers', 26),
(70009, 'Szymon Marciniak', 13),
(70010, 'Milorad Mazic', 27),
(70011, 'Nicola Rizzoli', 11),
(70012, 'Carlos Velasco Carballo', 19),
(70013, 'William Collum', 28),
(70014, 'Ovidiu Hategan', 16),
(70015, 'Sergei Karasev', 17),
(70016, 'Pavel Kralovec', 5),
(70017, 'Svein Oddvar Moen', 29),
(70018, 'Clement Turpin', 7);

-- --------------------------------------------------------

--
-- Структура на таблица `soccer_city`
--

CREATE TABLE `soccer_city` (
  `city_id` int(11) NOT NULL,
  `name` varchar(25) DEFAULT NULL,
  `country_id` int(11) DEFAULT NULL
) ENGINE=InnoDB DEFAULT CHARSET=utf8;

--
-- Схема на данните от таблица `soccer_city`
--

INSERT INTO `soccer_city` (`city_id`, `name`, `country_id`) VALUES
(1, 'Париж', 7),
(2, 'Сен-Дени', 7),
(3, 'Бордо', 7),
(4, 'Лен', 7),
(5, 'Лил', 7),
(6, 'Лион', 7),
(7, 'Марсилия', 7),
(8, 'Ница', 7),
(9, 'Сен-Етиен', 7),
(10, 'Тулуза', 7);

-- --------------------------------------------------------

--
-- Структура на таблица `soccer_country`
--

CREATE TABLE `soccer_country` (
  `country_id` int(11) NOT NULL,
  `name` varchar(40) DEFAULT NULL,
  `abbreviation` varchar(3) DEFAULT NULL
) ENGINE=InnoDB DEFAULT CHARSET=utf8;

--
-- Схема на данните от таблица `soccer_country`
--

INSERT INTO `soccer_country` (`country_id`, `name`, `abbreviation`) VALUES
(1, 'Албания', 'ALB'),
(2, 'Австрия', 'AUT'),
(3, 'Белгия', 'BEL'),
(4, 'Хърватия', 'CRO'),
(5, 'Чешка Република', 'CZE'),
(6, 'Англия', 'ENG'),
(7, 'Франция', 'FRA'),
(8, 'Германия', 'GER'),
(9, 'Унгария', 'HUN'),
(10, 'Исландия', 'ISL'),
(11, 'Италия', 'ITA'),
(12, 'Северна Ирландия', 'NIR'),
(13, 'Полша', 'POL'),
(14, 'Португалия', 'POR'),
(15, 'Ирландия', 'IRL'),
(16, 'Румъния', 'ROU'),
(17, 'Русия', 'RUS'),
(18, 'Словакия', 'SVK'),
(19, 'Испания', 'ESP'),
(20, 'Швеция', 'SWE'),
(21, 'Швейцария', 'SUI'),
(22, 'Турция', 'TUR'),
(23, 'Украйна', 'UKR'),
(24, 'Уелс', 'WAL'),
(25, 'Словения', 'SLO'),
(26, 'Нидерландия', 'NED'),
(27, 'Сърбия', 'SRB'),
(28, 'Шотландия', 'SCO'),
(29, 'Норвегия', 'NOR');

-- --------------------------------------------------------

--
-- Структура на таблица `soccer_team`
--

CREATE TABLE `soccer_team` (
  `team_id` int(11) NOT NULL,
  `soccer_group` char(1) DEFAULT NULL,
  `match_played` int(11) DEFAULT NULL,
  `won` int(11) DEFAULT NULL,
  `draw` int(11) DEFAULT NULL,
  `lost` int(11) DEFAULT NULL,
  `goal_for` int(11) DEFAULT NULL,
  `goal_against` int(11) DEFAULT NULL,
  `difference` int(11) DEFAULT NULL,
  `points` int(11) DEFAULT NULL,
  `group_position` int(11) DEFAULT NULL
) ENGINE=InnoDB DEFAULT CHARSET=utf8;

--
-- Схема на данните от таблица `soccer_team`
--

INSERT INTO `soccer_team` (`team_id`, `soccer_group`, `match_played`, `won`, `draw`, `lost`, `goal_for`, `goal_against`, `difference`, `points`, `group_position`) VALUES
(1, 'A', 3, 1, 0, 2, 1, 3, -2, 3, 3),
(2, 'F', 3, 0, 1, 2, 1, 4, -3, 1, 4),
(3, 'E', 3, 2, 0, 1, 4, 2, 2, 6, 2),
(4, 'D', 3, 2, 1, 0, 5, 3, 2, 7, 1),
(5, 'D', 3, 0, 1, 2, 2, 5, -3, 1, 4),
(6, 'B', 3, 1, 2, 0, 3, 2, 1, 5, 2),
(7, 'A', 3, 2, 1, 0, 4, 1, 3, 7, 1),
(8, 'C', 3, 2, 1, 0, 3, 0, 3, 7, 1),
(9, 'F', 3, 1, 2, 0, 6, 4, 2, 5, 1),
(10, 'F', 3, 1, 2, 0, 4, 3, 1, 5, 2),
(11, 'E', 3, 2, 0, 1, 3, 1, 2, 6, 1),
(12, 'C', 3, 1, 0, 2, 2, 2, 0, 3, 3),
(13, 'C', 3, 2, 1, 0, 2, 0, 2, 7, 2),
(14, 'F', 3, 0, 3, 0, 4, 4, 0, 3, 3),
(15, 'E', 3, 1, 1, 1, 2, 4, -2, 4, 3),
(16, 'A', 3, 0, 1, 2, 2, 4, -2, 1, 4),
(17, 'B', 3, 0, 1, 2, 2, 6, -4, 1, 4),
(18, 'B', 3, 1, 1, 1, 3, 3, 0, 4, 3),
(19, 'D', 3, 2, 0, 1, 5, 2, 3, 6, 2),
(20, 'E', 3, 0, 1, 2, 1, 3, -2, 1, 4),
(21, 'A', 3, 1, 2, 0, 2, 1, 1, 5, 2),
(22, 'D', 3, 1, 0, 2, 2, 4, -2, 3, 3),
(23, 'C', 3, 0, 0, 3, 0, 5, -5, 0, 4),
(24, 'B', 3, 2, 0, 1, 6, 3, 3, 6, 1);

-- --------------------------------------------------------

--
-- Структура на таблица `soccer_venue`
--

CREATE TABLE `soccer_venue` (
  `venue_id` int(11) NOT NULL,
  `name` varchar(40) DEFAULT NULL,
  `city_id` int(11) DEFAULT NULL,
  `capacity` int(11) DEFAULT NULL
) ENGINE=InnoDB DEFAULT CHARSET=utf8;

--
-- Схема на данните от таблица `soccer_venue`
--

INSERT INTO `soccer_venue` (`venue_id`, `name`, `city_id`, `capacity`) VALUES
(1, 'Stade de Bordeaux', 3, 42115),
(2, 'Stade Bollaert-Delelis', 4, 38223),
(3, 'Stade Pierre Mauroy', 5, 49822),
(4, 'Stade de Lyon', 6, 58585),
(5, 'Stade Velodrome', 7, 64354),
(6, 'Stade de Nice', 8, 35624),
(7, 'Parc des Princes', 1, 47294),
(8, 'Stade de France', 2, 80100),
(9, 'Stade Geoffroy Guichard', 9, 42000),
(10, 'Stadium de Toulouse', 10, 33150);

-- --------------------------------------------------------

--
-- Структура на таблица `team_coaches`
--

CREATE TABLE `team_coaches` (
  `team_id` int(11) NOT NULL,
  `coach_id` int(11) NOT NULL
) ENGINE=InnoDB DEFAULT CHARSET=utf8;

--
-- Схема на данните от таблица `team_coaches`
--

INSERT INTO `team_coaches` (`team_id`, `coach_id`) VALUES
(1, 5550),
(2, 5551),
(3, 5552),
(4, 5553),
(5, 5554),
(6, 5555),
(7, 5556),
(8, 5557),
(9, 5558),
(10, 5559),
(10, 5560),
(11, 5561),
(12, 5562),
(13, 5563),
(14, 5564),
(15, 5565),
(16, 5566),
(17, 5567),
(18, 5568),
(19, 5569),
(20, 5570),
(21, 5571),
(22, 5572),
(23, 5573),
(24, 5574);

--
-- Indexes for dumped tables
--

--
-- Indexes for table `assisted_referee_mast`
--
ALTER TABLE `assisted_referee_mast`
  ADD PRIMARY KEY (`ass_ref_id`),
  ADD KEY `country_id` (`country_id`);

--
-- Indexes for table `coach_mast`
--
ALTER TABLE `coach_mast`
  ADD PRIMARY KEY (`coach_id`);

--
-- Indexes for table `goal_details`
--
ALTER TABLE `goal_details`
  ADD PRIMARY KEY (`goal_id`),
  ADD KEY `match_num` (`match_num`),
  ADD KEY `team_id` (`team_id`),
  ADD KEY `player_id` (`player_id`);

--
-- Indexes for table `match_captain`
--
ALTER TABLE `match_captain`
  ADD KEY `match_num` (`match_num`),
  ADD KEY `team_id` (`team_id`),
  ADD KEY `player_captain` (`player_captain`);

--
-- Indexes for table `match_details`
--
ALTER TABLE `match_details`
  ADD KEY `match_num` (`match_num`),
  ADD KEY `team_id` (`team_id`),
  ADD KEY `ass_ref` (`ass_ref`),
  ADD KEY `player_gk` (`player_gk`);

--
-- Indexes for table `match_mast`
--
ALTER TABLE `match_mast`
  ADD PRIMARY KEY (`match_num`),
  ADD KEY `venue_id` (`venue_id`),
  ADD KEY `referee_id` (`referee_id`),
  ADD KEY `player_of_match` (`player_of_match`);

--
-- Indexes for table `penalty_gk`
--
ALTER TABLE `penalty_gk`
  ADD KEY `match_num` (`match_num`),
  ADD KEY `team_id` (`team_id`),
  ADD KEY `player_gk` (`player_gk`);

--
-- Indexes for table `penalty_shootout`
--
ALTER TABLE `penalty_shootout`
  ADD PRIMARY KEY (`kick_id`),
  ADD KEY `match_num` (`match_num`),
  ADD KEY `team_id` (`team_id`),
  ADD KEY `player_id` (`player_id`);

--
-- Indexes for table `player_booked`
--
ALTER TABLE `player_booked`
  ADD KEY `match_num` (`match_num`),
  ADD KEY `team_id` (`team_id`),
  ADD KEY `player_id` (`player_id`);

--
-- Indexes for table `player_in_out`
--
ALTER TABLE `player_in_out`
  ADD KEY `match_num` (`match_num`),
  ADD KEY `team_id` (`team_id`),
  ADD KEY `player_id` (`player_id`);

--
-- Indexes for table `player_mast`
--
ALTER TABLE `player_mast`
  ADD PRIMARY KEY (`player_id`),
  ADD KEY `team_id` (`team_id`),
  ADD KEY `pos_to_play` (`pos_to_play`);

--
-- Indexes for table `playing_position`
--
ALTER TABLE `playing_position`
  ADD PRIMARY KEY (`position_id`);

--
-- Indexes for table `referee_mast`
--
ALTER TABLE `referee_mast`
  ADD PRIMARY KEY (`referee_id`),
  ADD KEY `country_id` (`country_id`);

--
-- Indexes for table `soccer_city`
--
ALTER TABLE `soccer_city`
  ADD PRIMARY KEY (`city_id`),
  ADD KEY `country_id` (`country_id`);

--
-- Indexes for table `soccer_country`
--
ALTER TABLE `soccer_country`
  ADD PRIMARY KEY (`country_id`);

--
-- Indexes for table `soccer_team`
--
ALTER TABLE `soccer_team`
  ADD KEY `team_id` (`team_id`);

--
-- Indexes for table `soccer_venue`
--
ALTER TABLE `soccer_venue`
  ADD PRIMARY KEY (`venue_id`),
  ADD KEY `city_id` (`city_id`);

--
-- Indexes for table `team_coaches`
--
ALTER TABLE `team_coaches`
  ADD KEY `team_id` (`team_id`),
  ADD KEY `coach_id` (`coach_id`);

--
-- AUTO_INCREMENT for dumped tables
--

--
-- AUTO_INCREMENT for table `assisted_referee_mast`
--
ALTER TABLE `assisted_referee_mast`
  MODIFY `ass_ref_id` int(11) NOT NULL AUTO_INCREMENT, AUTO_INCREMENT=80039;
--
-- AUTO_INCREMENT for table `coach_mast`
--
ALTER TABLE `coach_mast`
  MODIFY `coach_id` int(11) NOT NULL AUTO_INCREMENT, AUTO_INCREMENT=5575;
--
-- AUTO_INCREMENT for table `goal_details`
--
ALTER TABLE `goal_details`
  MODIFY `goal_id` int(11) NOT NULL AUTO_INCREMENT, AUTO_INCREMENT=109;
--
-- AUTO_INCREMENT for table `match_mast`
--
ALTER TABLE `match_mast`
  MODIFY `match_num` int(11) NOT NULL AUTO_INCREMENT, AUTO_INCREMENT=52;
--
-- AUTO_INCREMENT for table `penalty_shootout`
--
ALTER TABLE `penalty_shootout`
  MODIFY `kick_id` int(11) NOT NULL AUTO_INCREMENT, AUTO_INCREMENT=38;
--
-- AUTO_INCREMENT for table `player_mast`
--
ALTER TABLE `player_mast`
  MODIFY `player_id` int(11) NOT NULL AUTO_INCREMENT, AUTO_INCREMENT=160553;
--
-- AUTO_INCREMENT for table `referee_mast`
--
ALTER TABLE `referee_mast`
  MODIFY `referee_id` int(11) NOT NULL AUTO_INCREMENT, AUTO_INCREMENT=70019;
--
-- AUTO_INCREMENT for table `soccer_city`
--
ALTER TABLE `soccer_city`
  MODIFY `city_id` int(11) NOT NULL AUTO_INCREMENT, AUTO_INCREMENT=11;
--
-- AUTO_INCREMENT for table `soccer_country`
--
ALTER TABLE `soccer_country`
  MODIFY `country_id` int(11) NOT NULL AUTO_INCREMENT, AUTO_INCREMENT=30;
--
-- AUTO_INCREMENT for table `soccer_venue`
--
ALTER TABLE `soccer_venue`
  MODIFY `venue_id` int(11) NOT NULL AUTO_INCREMENT, AUTO_INCREMENT=11;
--
-- Ограничения за дъмпнати таблици
--

--
-- Ограничения за таблица `assisted_referee_mast`
--
ALTER TABLE `assisted_referee_mast`
  ADD CONSTRAINT `assisted_referee_mast_ibfk_1` FOREIGN KEY (`country_id`) REFERENCES `soccer_country` (`country_id`);

--
-- Ограничения за таблица `goal_details`
--
ALTER TABLE `goal_details`
  ADD CONSTRAINT `goal_details_ibfk_1` FOREIGN KEY (`match_num`) REFERENCES `match_mast` (`match_num`),
  ADD CONSTRAINT `goal_details_ibfk_2` FOREIGN KEY (`team_id`) REFERENCES `soccer_team` (`team_id`),
  ADD CONSTRAINT `goal_details_ibfk_3` FOREIGN KEY (`player_id`) REFERENCES `player_mast` (`player_id`);

--
-- Ограничения за таблица `match_captain`
--
ALTER TABLE `match_captain`
  ADD CONSTRAINT `match_captain_ibfk_1` FOREIGN KEY (`match_num`) REFERENCES `match_mast` (`match_num`),
  ADD CONSTRAINT `match_captain_ibfk_2` FOREIGN KEY (`team_id`) REFERENCES `soccer_team` (`team_id`),
  ADD CONSTRAINT `match_captain_ibfk_3` FOREIGN KEY (`player_captain`) REFERENCES `player_mast` (`player_id`);

--
-- Ограничения за таблица `match_details`
--
ALTER TABLE `match_details`
  ADD CONSTRAINT `match_details_ibfk_1` FOREIGN KEY (`match_num`) REFERENCES `match_mast` (`match_num`),
  ADD CONSTRAINT `match_details_ibfk_2` FOREIGN KEY (`team_id`) REFERENCES `soccer_team` (`team_id`),
  ADD CONSTRAINT `match_details_ibfk_3` FOREIGN KEY (`ass_ref`) REFERENCES `assisted_referee_mast` (`ass_ref_id`),
  ADD CONSTRAINT `match_details_ibfk_4` FOREIGN KEY (`player_gk`) REFERENCES `player_mast` (`player_id`);

--
-- Ограничения за таблица `match_mast`
--
ALTER TABLE `match_mast`
  ADD CONSTRAINT `match_mast_ibfk_1` FOREIGN KEY (`venue_id`) REFERENCES `soccer_venue` (`venue_id`),
  ADD CONSTRAINT `match_mast_ibfk_2` FOREIGN KEY (`referee_id`) REFERENCES `referee_mast` (`referee_id`),
  ADD CONSTRAINT `match_mast_ibfk_3` FOREIGN KEY (`player_of_match`) REFERENCES `player_mast` (`player_id`);

--
-- Ограничения за таблица `penalty_gk`
--
ALTER TABLE `penalty_gk`
  ADD CONSTRAINT `penalty_gk_ibfk_1` FOREIGN KEY (`match_num`) REFERENCES `match_mast` (`match_num`),
  ADD CONSTRAINT `penalty_gk_ibfk_2` FOREIGN KEY (`team_id`) REFERENCES `soccer_team` (`team_id`),
  ADD CONSTRAINT `penalty_gk_ibfk_3` FOREIGN KEY (`player_gk`) REFERENCES `player_mast` (`player_id`);

--
-- Ограничения за таблица `penalty_shootout`
--
ALTER TABLE `penalty_shootout`
  ADD CONSTRAINT `penalty_shootout_ibfk_1` FOREIGN KEY (`match_num`) REFERENCES `match_mast` (`match_num`),
  ADD CONSTRAINT `penalty_shootout_ibfk_2` FOREIGN KEY (`team_id`) REFERENCES `soccer_team` (`team_id`),
  ADD CONSTRAINT `penalty_shootout_ibfk_3` FOREIGN KEY (`player_id`) REFERENCES `player_mast` (`player_id`);

--
-- Ограничения за таблица `player_booked`
--
ALTER TABLE `player_booked`
  ADD CONSTRAINT `player_booked_ibfk_1` FOREIGN KEY (`match_num`) REFERENCES `match_mast` (`match_num`),
  ADD CONSTRAINT `player_booked_ibfk_2` FOREIGN KEY (`team_id`) REFERENCES `soccer_team` (`team_id`),
  ADD CONSTRAINT `player_booked_ibfk_3` FOREIGN KEY (`player_id`) REFERENCES `player_mast` (`player_id`);

--
-- Ограничения за таблица `player_in_out`
--
ALTER TABLE `player_in_out`
  ADD CONSTRAINT `player_in_out_ibfk_1` FOREIGN KEY (`match_num`) REFERENCES `match_mast` (`match_num`),
  ADD CONSTRAINT `player_in_out_ibfk_2` FOREIGN KEY (`team_id`) REFERENCES `soccer_team` (`team_id`),
  ADD CONSTRAINT `player_in_out_ibfk_3` FOREIGN KEY (`player_id`) REFERENCES `player_mast` (`player_id`);

--
-- Ограничения за таблица `player_mast`
--
ALTER TABLE `player_mast`
  ADD CONSTRAINT `player_mast_ibfk_1` FOREIGN KEY (`team_id`) REFERENCES `soccer_team` (`team_id`),
  ADD CONSTRAINT `player_mast_ibfk_2` FOREIGN KEY (`pos_to_play`) REFERENCES `playing_position` (`position_id`);

--
-- Ограничения за таблица `referee_mast`
--
ALTER TABLE `referee_mast`
  ADD CONSTRAINT `referee_mast_ibfk_1` FOREIGN KEY (`country_id`) REFERENCES `soccer_country` (`country_id`);

--
-- Ограничения за таблица `soccer_city`
--
ALTER TABLE `soccer_city`
  ADD CONSTRAINT `soccer_city_ibfk_1` FOREIGN KEY (`country_id`) REFERENCES `soccer_country` (`country_id`);

--
-- Ограничения за таблица `soccer_team`
--
ALTER TABLE `soccer_team`
  ADD CONSTRAINT `soccer_team_ibfk_1` FOREIGN KEY (`team_id`) REFERENCES `soccer_country` (`country_id`);

--
-- Ограничения за таблица `soccer_venue`
--
ALTER TABLE `soccer_venue`
  ADD CONSTRAINT `soccer_venue_ibfk_1` FOREIGN KEY (`city_id`) REFERENCES `soccer_city` (`city_id`);

--
-- Ограничения за таблица `team_coaches`
--
ALTER TABLE `team_coaches`
  ADD CONSTRAINT `team_coaches_ibfk_1` FOREIGN KEY (`team_id`) REFERENCES `soccer_team` (`team_id`),
  ADD CONSTRAINT `team_coaches_ibfk_2` FOREIGN KEY (`coach_id`) REFERENCES `coach_mast` (`coach_id`);

/*!40101 SET CHARACTER_SET_CLIENT=@OLD_CHARACTER_SET_CLIENT */;
/*!40101 SET CHARACTER_SET_RESULTS=@OLD_CHARACTER_SET_RESULTS */;
/*!40101 SET COLLATION_CONNECTION=@OLD_COLLATION_CONNECTION */;
